{
  "y_xgb": {
    "model": "XGBoost",
    "test_rmse": 0.9934297982775244,
    "test_r2": 0.708055159473957,
    "train_rmse": 1.0840341575004964,
    "train_r2": 0.6261424211658708,
    "accuracy": 0.8950715421303657,
    "specificity": 0.5104166666666666,
    "precision": 0.9162210338680927,
    "recall": 0.9643527204502814,
    "f1": 0.9396709323583181,
    "mcc": 0.5498522951034526,
    "roc_auc": 0.9292917448405252,
    "pr_auc": 0.9867904004320714,
    "scope": "Global"
  },
  "y_lgbm": {
    "model": "LightGBM",
    "test_rmse": 1.0092395514832337,
    "test_r2": 0.6986890165474686,
    "train_rmse": 1.0650563589067081,
    "train_r2": 0.6391178224010801,
    "accuracy": 0.8823529411764706,
    "specificity": 0.5416666666666666,
    "precision": 0.9195612431444241,
    "recall": 0.9437148217636022,
    "f1": 0.9314814814814814,
    "mcc": 0.5184201110798865,
    "roc_auc": 0.9186796435272045,
    "pr_auc": 0.9850420943417332,
    "scope": "Global"
  },
  "y_chemprop": {
    "model": "Chemprop",
    "test_rmse": 1.1249935415643006,
    "test_r2": 0.6256080539534661,
    "train_rmse": 1.2705318204499023,
    "train_r2": 0.486439813165502,
    "accuracy": 0.8998410174880763,
    "specificity": 0.59375,
    "precision": 0.9288321167883211,
    "recall": 0.9549718574108818,
    "f1": 0.9417206290471785,
    "mcc": 0.5891402467149057,
    "roc_auc": 0.9267608661663539,
    "pr_auc": 0.9853234507433046,
    "scope": "Global"
  },
  "y_tpsa": {
    "model": "Baseline",
    "test_rmse": 1.2964663123071665,
    "test_r2": 0.5027796304532217,
    "train_rmse": 1.2647657384588065,
    "train_r2": 0.4910906382605482,
    "accuracy": 0.8314785373608903,
    "specificity": 0.03125,
    "precision": 0.8482871125611745,
    "recall": 0.975609756097561,
    "f1": 0.9075043630017452,
    "mcc": 0.01566814805921932,
    "roc_auc": 0.8947975297060662,
    "pr_auc": 0.9806314058515713,
    "scope": "Global"
  },
  "y_pred_blend": {
    "model": "Blend",
    "test_rmse": 0.9812228780276631,
    "test_r2": 0.7151857133326703,
    "train_rmse": 1.0329864654320984,
    "train_r2": 0.6605236548275144,
    "accuracy": 0.8966613672496025,
    "specificity": 0.4583333333333333,
    "precision": 0.9090909090909091,
    "recall": 0.975609756097561,
    "f1": 0.9411764705882352,
    "mcc": 0.5436214134189149,
    "roc_auc": 0.9287249843652282,
    "pr_auc": 0.9867935515822304,
    "scope": "Global"
  },
  "y_pred_stack": {
    "model": "Stack",
    "test_rmse": 0.9695973904055724,
    "test_r2": 0.7218946682936314,
    "train_rmse": 1.0382396616545768,
    "train_r2": 0.6570620985682061,
    "accuracy": 0.8998410174880763,
    "specificity": 0.5,
    "precision": 0.9151943462897526,
    "recall": 0.9718574108818011,
    "f1": 0.9426751592356687,
    "mcc": 0.5652382082830566,
    "roc_auc": 0.9335326766729205,
    "pr_auc": 0.9876424550608833,
    "scope": "Global"
  },
  "physio_range": {
    "y_xgb": {
      "model": "XGBoost",
      "test_rmse": 0.9869725142452748,
      "test_r2": 0.7066449672908277,
      "train_rmse": 1.0840341575004964,
      "train_r2": 0.6261424211658708,
      "accuracy": 0.8761904761904762,
      "specificity": 0.3888888888888889,
      "precision": 0.8854166666666666,
      "recall": 0.9770114942528736,
      "f1": 0.9289617486338797,
      "mcc": 0.4926084665530126,
      "roc_auc": 0.9278416347381865,
      "pr_auc": 0.9844782201879343,
      "scope": "Physio"
    },
    "y_lgbm": {
      "model": "LightGBM",
      "test_rmse": 0.9958553077396631,
      "test_r2": 0.7013407904326976,
      "train_rmse": 1.0650563589067081,
      "train_r2": 0.6391178224010801,
      "accuracy": 0.8761904761904762,
      "specificity": 0.5,
      "precision": 0.9021739130434783,
      "recall": 0.9540229885057471,
      "f1": 0.9273743016759777,
      "mcc": 0.5195270109178469,
      "roc_auc": 0.9150702426564495,
      "pr_auc": 0.9822642875733505,
      "scope": "Physio"
    },
    "y_chemprop": {
      "model": "Chemprop",
      "test_rmse": 1.0640441553488185,
      "test_r2": 0.6590405533162962,
      "train_rmse": 1.2705318204499023,
      "train_r2": 0.486439813165502,
      "accuracy": 0.8952380952380953,
      "specificity": 0.5555555555555556,
      "precision": 0.9130434782608695,
      "recall": 0.9655172413793104,
      "f1": 0.9385474860335196,
      "mcc": 0.5962504091546598,
      "roc_auc": 0.9284802043422733,
      "pr_auc": 0.983220129561184,
      "scope": "Physio"
    },
    "y_tpsa": {
      "model": "Baseline",
      "test_rmse": 1.337593811872841,
      "test_r2": 0.46119461402376294,
      "train_rmse": 1.2647657384588065,
      "train_r2": 0.4910906382605482,
      "accuracy": 0.819047619047619,
      "specificity": 0.05555555555555555,
      "precision": 0.8333333333333334,
      "recall": 0.9770114942528736,
      "f1": 0.8994708994708996,
      "mcc": 0.07367388706141537,
      "roc_auc": 0.8825031928480204,
      "pr_auc": 0.9744433666422323,
      "scope": "Physio"
    },
    "y_pred_blend": {
      "model": "Blend",
      "test_rmse": 0.9851548799279298,
      "test_r2": 0.7077244729066519,
      "train_rmse": 1.0329864654320984,
      "train_r2": 0.6605236548275144,
      "accuracy": 0.8857142857142857,
      "specificity": 0.3333333333333333,
      "precision": 0.8787878787878788,
      "recall": 1.0,
      "f1": 0.9354838709677419,
      "mcc": 0.5412294272573258,
      "roc_auc": 0.9310344827586207,
      "pr_auc": 0.9853053822392379,
      "scope": "Physio"
    },
    "y_pred_stack": {
      "model": "Stack",
      "test_rmse": 0.9704183267672065,
      "test_r2": 0.7164031478032242,
      "train_rmse": 1.0382396616545768,
      "train_r2": 0.6570620985682061,
      "accuracy": 0.8952380952380953,
      "specificity": 0.3888888888888889,
      "precision": 0.8877551020408163,
      "recall": 1.0,
      "f1": 0.9405405405405405,
      "mcc": 0.5875696513930031,
      "roc_auc": 0.9348659003831418,
      "pr_auc": 0.9857213267245442,
      "scope": "Physio"
    }
  }
}