{
  "lgbm": 0.4262142079507878,
  "xgb": 0.2716592910938943,
  "gnn": 0.18505062937750882,
  "tpsa": 0.11707587157780897
}