{
  "lgbm": 0.3438921076433582,
  "xgb": 0.28748786323680753,
  "gnn": 0.25020390161810124,
  "tpsa": 0.11841612750173298
}