{
  "rmse": 1.2763054125097097,
  "r2": 0.4793972107260279
}