{
  "base_models": {
    "lgbm": 1.0754031299338904,
    "xgb": 1.1313681782384042,
    "gnn": 1.290594745291865,
    "tpsa": 1.2431264150794417
  },
  "stacking": {
    "rmse": 1.0514320031585984,
    "r2": 0.6487187479127192,
    "alpha": 10.0
  },
  "blending": {
    "rmse": 1.0461655439467832,
    "r2": 0.6522289609906087,
    "weights": {
      "lgbm": 0.5187463059757146,
      "xgb": 0.07880817805281091,
      "gnn": 0.1648705921507,
      "tpsa": 0.23757492382077458
    }
  },
  "winner": "blend"
}