{
  "base_models": {
    "lgbm": 1.1729943392715498,
    "xgb": 1.2068659378054987,
    "gnn": 1.3339151799443187,
    "tpsa": 1.2893300297264194
  },
  "stacking": {
    "rmse": 1.1113552037108134,
    "r2": 0.6052905214670012,
    "alpha": 100.0
  },
  "blending": {
    "rmse": 1.1039502226874303,
    "r2": 0.6105329116558169,
    "weights": {
      "lgbm": 0.3080052232543738,
      "xgb": 0.20497911360458146,
      "gnn": 0.21831368343655053,
      "tpsa": 0.26870197970449433
    }
  },
  "winner": "blend"
}