{
  "lgbm": 0.304048537297713,
  "xgb": 0.195168053646962,
  "gnn": 0.2937340615491866,
  "tpsa": 0.20704934750613851
}