{
  "lgbm": 0.39902144327015954,
  "xgb": 0.14808184136005786,
  "gnn": 0.2718129895944475,
  "tpsa": 0.18108372577533505
}