{
  "model_type": "Ridge_Physics_Based",
  "intercept": 8.089206986973293,
  "coefs": {
    "inv_temp": -2.4556672219040045,
    "rdkit__logP": -0.5918175428807584,
    "rdkit__TPSA": -0.010541355219524918,
    "rdkit__MW": -0.001962933401080362
  },
  "features": [
    "inv_temp",
    "rdkit__logP",
    "rdkit__TPSA",
    "rdkit__MW"
  ],
  "alpha": 1.0,
  "training_samples": 2378
}