{
  "model_type": "Ridge_Physics_Based",
  "intercept": 7.219970431741674,
  "coefs": {
    "inv_temp": -2.261886247681737,
    "rdkit__logP": -0.5621892230501693,
    "rdkit__TPSA": -0.00919584119399977,
    "rdkit__MW": -0.0012102409453427446
  },
  "features": [
    "inv_temp",
    "rdkit__logP",
    "rdkit__TPSA",
    "rdkit__MW"
  ],
  "alpha": 10.0,
  "training_samples": 2866
}