{
  "y_xgb": {
    "rmse": 0.9503272769211218,
    "r2": 0.6802584100825386,
    "n": 730
  },
  "y_lgbm": {
    "rmse": 0.9923955257950391,
    "r2": 0.6513237747856487,
    "n": 730
  },
  "y_tpsa": {
    "rmse": 1.2491282736396034,
    "r2": 0.44758327650432617,
    "n": 730
  },
  "y_pred_blend": {
    "rmse": 0.94216658498417,
    "r2": 0.6857262300139791,
    "n": 730
  },
  "y_pred_stack": {
    "rmse": 1.0544559973628203,
    "r2": 0.6063505373048916,
    "n": 730
  },
  "physio_range": {
    "y_xgb": {
      "rmse": 0.9353042624808269,
      "r2": 0.6728609359056246,
      "n": 134
    },
    "y_lgbm": {
      "rmse": 0.9644136257110882,
      "r2": 0.6521810376733618,
      "n": 134
    },
    "y_tpsa": {
      "rmse": 1.2147876370219626,
      "r2": 0.4481420458517231,
      "n": 134
    },
    "y_pred_blend": {
      "rmse": 0.9169069034546434,
      "r2": 0.6856039616783675,
      "n": 134
    },
    "y_pred_stack": {
      "rmse": 1.0503729890652913,
      "r2": 0.5874147764745212,
      "n": 134
    }
  }
}