{
  "rmse": 1.2345506934841939,
  "r2": 0.479286489155884,
  "n": 2385
}