{
  "y_xgb": {
    "model": "XGBoost",
    "test_rmse": 0.9598777020335106,
    "test_r2": 0.7233330865203544,
    "train_rmse": 1.1313681782384042,
    "train_r2": 0.5932753379254204,
    "accuracy": 0.8986587183308494,
    "specificity": 0.4845360824742268,
    "precision": 0.9174917491749175,
    "recall": 0.9686411149825784,
    "f1": 0.9423728813559322,
    "mcc": 0.5387867070276658,
    "roc_auc": 0.9390603110743921,
    "pr_auc": 0.989469999453502,
    "scope": "Global"
  },
  "y_lgbm": {
    "model": "LightGBM",
    "test_rmse": 0.9944724450036767,
    "test_r2": 0.7030311295527027,
    "train_rmse": 1.0754031299338904,
    "train_r2": 0.6325187535651193,
    "accuracy": 0.8897168405365127,
    "specificity": 0.4639175257731959,
    "precision": 0.9139072847682119,
    "recall": 0.9616724738675958,
    "f1": 0.937181663837012,
    "mcc": 0.49920319606841007,
    "roc_auc": 0.9265778224792558,
    "pr_auc": 0.9871192590022408,
    "scope": "Global"
  },
  "y_chemprop": {
    "model": "Chemprop",
    "test_rmse": 1.1742166303354642,
    "test_r2": 0.5859794740218252,
    "train_rmse": 1.290594745291865,
    "train_r2": 0.470735977093531,
    "accuracy": 0.8748137108792846,
    "specificity": 0.6907216494845361,
    "precision": 0.9454545454545454,
    "recall": 0.9059233449477352,
    "f1": 0.9252669039145908,
    "mcc": 0.5457374846750174,
    "roc_auc": 0.9170767628147564,
    "pr_auc": 0.9860486628859555,
    "scope": "Global"
  },
  "y_tpsa": {
    "model": "Baseline",
    "test_rmse": 1.300931472331688,
    "test_r2": 0.49180046948913425,
    "train_rmse": 1.2431264150794417,
    "train_r2": 0.5089528688077852,
    "accuracy": 0.849478390461997,
    "specificity": 0.13402061855670103,
    "precision": 0.8689547581903276,
    "recall": 0.9703832752613241,
    "f1": 0.9168724279835391,
    "mcc": 0.17765149537757835,
    "roc_auc": 0.9193487553432236,
    "pr_auc": 0.9870025450012814,
    "scope": "Global"
  },
  "y_pred_blend": {
    "model": "Blend",
    "test_rmse": 0.9993246752342878,
    "test_r2": 0.7001261185441925,
    "train_rmse": 1.0461655439467832,
    "train_r2": 0.6522289609906087,
    "accuracy": 0.8941877794336811,
    "specificity": 0.3917525773195876,
    "precision": 0.9049919484702094,
    "recall": 0.9790940766550522,
    "f1": 0.9405857740585775,
    "mcc": 0.4965984685943497,
    "roc_auc": 0.9373361112108912,
    "pr_auc": 0.9893031588605246,
    "scope": "Global"
  },
  "y_pred_stack": {
    "model": "Stack",
    "test_rmse": 0.978313471000551,
    "test_r2": 0.7126034925621312,
    "train_rmse": 1.0514320031585984,
    "train_r2": 0.6487187479127192,
    "accuracy": 0.8956780923994039,
    "specificity": 0.4948453608247423,
    "precision": 0.9186046511627907,
    "recall": 0.9634146341463414,
    "f1": 0.9404761904761905,
    "mcc": 0.5305556799905223,
    "roc_auc": 0.93968892560796,
    "pr_auc": 0.9898732252412701,
    "scope": "Global"
  },
  "physio_range": {
    "y_xgb": {
      "model": "XGBoost",
      "test_rmse": 0.9165992822963366,
      "test_r2": 0.7357483593536378,
      "train_rmse": 1.1313681782384042,
      "train_r2": 0.5932753379254204,
      "accuracy": 0.8910891089108911,
      "specificity": 0.5294117647058824,
      "precision": 0.9101123595505618,
      "recall": 0.9642857142857143,
      "f1": 0.9364161849710984,
      "mcc": 0.5708728472797658,
      "roc_auc": 0.938375350140056,
      "pr_auc": 0.9876197956161289,
      "scope": "Physio"
    },
    "y_lgbm": {
      "model": "LightGBM",
      "test_rmse": 0.9401541251359875,
      "test_r2": 0.7219923295788471,
      "train_rmse": 1.0754031299338904,
      "train_r2": 0.6325187535651193,
      "accuracy": 0.8811881188118812,
      "specificity": 0.47058823529411764,
      "precision": 0.9,
      "recall": 0.9642857142857143,
      "f1": 0.9310344827586207,
      "mcc": 0.5222878213904701,
      "roc_auc": 0.927170868347339,
      "pr_auc": 0.9853966289181024,
      "scope": "Physio"
    },
    "y_chemprop": {
      "model": "Chemprop",
      "test_rmse": 1.133036482833917,
      "test_r2": 0.5962184650134557,
      "train_rmse": 1.290594745291865,
      "train_r2": 0.470735977093531,
      "accuracy": 0.8415841584158416,
      "specificity": 0.6470588235294118,
      "precision": 0.925,
      "recall": 0.8809523809523809,
      "f1": 0.9024390243902439,
      "mcc": 0.4868022773668654,
      "roc_auc": 0.8963585434173669,
      "pr_auc": 0.9801419615300071,
      "scope": "Physio"
    },
    "y_tpsa": {
      "model": "Baseline",
      "test_rmse": 1.2755246753906522,
      "test_r2": 0.4882752814351101,
      "train_rmse": 1.2431264150794417,
      "train_r2": 0.5089528688077852,
      "accuracy": 0.8118811881188119,
      "specificity": 0.11764705882352941,
      "precision": 0.8421052631578947,
      "recall": 0.9523809523809523,
      "f1": 0.8938547486033519,
      "mcc": 0.11084049801758507,
      "roc_auc": 0.8949579831932774,
      "pr_auc": 0.9800493151164293,
      "scope": "Physio"
    },
    "y_pred_blend": {
      "model": "Blend",
      "test_rmse": 0.9582450154396295,
      "test_r2": 0.711190280764943,
      "train_rmse": 1.0461655439467832,
      "train_r2": 0.6522289609906087,
      "accuracy": 0.8712871287128713,
      "specificity": 0.35294117647058826,
      "precision": 0.8817204301075269,
      "recall": 0.9761904761904762,
      "f1": 0.9265536723163842,
      "mcc": 0.4559815667119108,
      "roc_auc": 0.9320728291316527,
      "pr_auc": 0.986705848221324,
      "scope": "Physio"
    },
    "y_pred_stack": {
      "model": "Stack",
      "test_rmse": 0.9426596167974687,
      "test_r2": 0.7205085855378152,
      "train_rmse": 1.0514320031585984,
      "train_r2": 0.6487187479127192,
      "accuracy": 0.8811881188118812,
      "specificity": 0.5294117647058824,
      "precision": 0.9090909090909091,
      "recall": 0.9523809523809523,
      "f1": 0.9302325581395349,
      "mcc": 0.5382838156772451,
      "roc_auc": 0.9348739495798319,
      "pr_auc": 0.9876433805417484,
      "scope": "Physio"
    }
  }
}