{
  "y_xgb": {
    "rmse": 0.914271118082016,
    "r2": 0.7185923680265172,
    "n": 650
  },
  "y_lgbm": {
    "rmse": 0.9397894642952412,
    "r2": 0.7026643287982308,
    "n": 650
  },
  "y_chemprop": {
    "rmse": 1.150061948185777,
    "r2": 0.5547249725789095,
    "n": 650
  },
  "y_tpsa": {
    "rmse": 1.1961928033870455,
    "r2": 0.5182871395414914,
    "n": 650
  },
  "y_pred_blend": {
    "rmse": 0.930877644938736,
    "r2": 0.7082767306026498,
    "n": 650
  },
  "y_pred_stack": {
    "rmse": 0.9266363550722306,
    "r2": 0.7109289895370926,
    "n": 650
  },
  "physio_range": {
    "y_xgb": {
      "rmse": 0.9006831171191692,
      "r2": 0.7167798422579157,
      "n": 108
    },
    "y_lgbm": {
      "rmse": 0.9304143130603558,
      "r2": 0.6977732635590332,
      "n": 108
    },
    "y_chemprop": {
      "rmse": 1.151397645769147,
      "r2": 0.5371601008914684,
      "n": 108
    },
    "y_tpsa": {
      "rmse": 1.1804128671066192,
      "r2": 0.5135390475795116,
      "n": 108
    },
    "y_pred_blend": {
      "rmse": 0.9130231121922868,
      "r2": 0.7089660466486207,
      "n": 108
    },
    "y_pred_stack": {
      "rmse": 0.9143004052302376,
      "r2": 0.7081511808228071,
      "n": 108
    }
  }
}