{
  "lr": 0.11494087591603902,
  "leaves": 122,
  "subsample": 0.7263959034859847,
  "colsample": 0.809783925563721,
  "alpha": 0.0018046911377515356,
  "lambda": 0.0018407568758681452,
  "min_child": 20
}