{
  "lr": 0.05940976466134224,
  "leaves": 113,
  "subsample": 0.7036353466308357,
  "colsample": 0.9335076440708776,
  "alpha": 0.3484310216816144,
  "lambda": 1.888413925481779,
  "min_child": 39
}