{
  "lr": 0.07433016308883085,
  "leaves": 127,
  "subsample": 0.9528683156981606,
  "colsample": 0.6575504937147869,
  "alpha": 0.1657193372268913,
  "lambda": 3.527774136898813,
  "min_child": 36
}