{
  "lr": 0.19127056576240556,
  "leaves": 27,
  "subsample": 0.8484241679419894,
  "colsample": 0.9689407284040599,
  "alpha": 0.18623574405435714,
  "lambda": 2.759710183718109,
  "min_child": 63
}