{
  "lr": 0.10624391545795843,
  "leaves": 80,
  "subsample": 0.6091254093592027,
  "colsample": 0.6864437058886503,
  "alpha": 0.001647241756499665,
  "lambda": 6.620586643813484,
  "min_child": 85
}