{
  "lr": 0.2233343831431572,
  "depth": 3,
  "subsample": 0.8023142757171882,
  "colsample": 0.9957372792376116,
  "alpha": 0.24250761881080768,
  "lambda": 4.656200639219075,
  "min_child": 5
}