{
  "lr": 0.05140790219198583,
  "depth": 3,
  "subsample": 0.7697612821079228,
  "colsample": 0.7622733747079458,
  "alpha": 4.775825069933059,
  "lambda": 0.006706910260824002,
  "min_child": 16
}