{
  "lr": 0.06931137409939137,
  "depth": 9,
  "subsample": 0.7533916711275783,
  "colsample": 0.7679375715475231,
  "alpha": 0.10402628028743945,
  "lambda": 0.05975485258436067,
  "min_child": 8
}