{
  "lr": 0.09600787436346539,
  "depth": 3,
  "subsample": 0.8027614956146919,
  "colsample": 0.6896549945687679,
  "alpha": 0.3036028135484106,
  "lambda": 0.06004134745571191,
  "min_child": 7
}