{
  "lr": 0.11702662739513996,
  "depth": 3,
  "subsample": 0.7868036555315746,
  "colsample": 0.9370631761319824,
  "alpha": 0.0018956891574709442,
  "lambda": 0.15452658885239293,
  "min_child": 20
}