{
  "lr": 0.13438401484626275,
  "leaves": 125,
  "subsample": 0.8179092253551529,
  "colsample": 0.9043040389646466,
  "alpha": 0.5386174121928482,
  "lambda": 0.5393409564600715,
  "min_child": 67
}