{
  "lr": 0.1383141462943527,
  "leaves": 58,
  "subsample": 0.6279638401180035,
  "colsample": 0.9592242203520611,
  "alpha": 0.1115837742558793,
  "lambda": 5.6921630584838985,
  "min_child": 51
}