{
  "lr": 0.052454343432688386,
  "leaves": 23,
  "subsample": 0.9852304547603462,
  "colsample": 0.9885342779253099,
  "alpha": 0.0011314509748171146,
  "lambda": 0.0019057935653108914,
  "min_child": 11
}