{
  "lr": 0.1687348546384096,
  "leaves": 88,
  "subsample": 0.8088505120473595,
  "colsample": 0.9454060372188036,
  "alpha": 0.7219603644175826,
  "lambda": 5.215714529845402,
  "min_child": 71
}