{
  "lr": 0.06291994377588882,
  "leaves": 22,
  "subsample": 0.7134286066962012,
  "colsample": 0.8328642316092859,
  "alpha": 0.0917057179954592,
  "lambda": 3.0122980966699977,
  "min_child": 29
}