{
  "lr": 0.050200428427650795,
  "depth": 6,
  "subsample": 0.7253529946952009,
  "colsample": 0.6992437131594643,
  "alpha": 0.5127590021353654,
  "lambda": 0.036109230728709946,
  "min_child": 20
}