{
  "lr": 0.09317344592238257,
  "depth": 7,
  "subsample": 0.7712970500716679,
  "colsample": 0.9544458223784285,
  "alpha": 0.05648343243191935,
  "lambda": 0.023019328456177095,
  "min_child": 18
}