{
  "lr": 0.0913658951866156,
  "depth": 3,
  "subsample": 0.8451794530973601,
  "colsample": 0.624096358910927,
  "alpha": 0.0012191847554522133,
  "lambda": 0.021009904690540714,
  "min_child": 18
}