{
  "lr": 0.12360893286082435,
  "depth": 3,
  "subsample": 0.6635454954186312,
  "colsample": 0.7066246164931285,
  "alpha": 0.04987643838734052,
  "lambda": 0.7923450932566098,
  "min_child": 1
}