{
  "lr": 0.08803083789985472,
  "depth": 5,
  "subsample": 0.830015834101258,
  "colsample": 0.7986018179132209,
  "alpha": 0.001711039067843616,
  "lambda": 0.5652394511970291,
  "min_child": 11
}