{
  "rmse": 1.2733090083939833,
  "r2": 0.4959096094577774
}