{
  "rmse": 1.3090326196549111,
  "r2": 0.47732642010886595,
  "n": 2866
}