{
  "y_xgb": {
    "rmse": 1.1609133800360825,
    "r2": 0.6767157554722535,
    "n": 646
  },
  "y_lgbm": {
    "rmse": 1.1652839511023907,
    "r2": 0.6742769922016143,
    "n": 646
  },
  "y_chemprop": {
    "rmse": 1.2818419754476007,
    "r2": 0.6058569398743575,
    "n": 646
  },
  "y_tpsa": {
    "rmse": 1.417428287934351,
    "r2": 0.5180665200345724,
    "n": 646
  },
  "y_pred_blend": {
    "rmse": 1.1605151716499837,
    "r2": 0.6769374988351515,
    "n": 646
  },
  "y_pred_stack": {
    "rmse": 1.1398362790169518,
    "r2": 0.6883480435620692,
    "n": 646
  },
  "physio_range": {
    "y_xgb": {
      "rmse": 1.160527443531876,
      "r2": 0.6758622000199526,
      "n": 103
    },
    "y_lgbm": {
      "rmse": 1.1771325578011134,
      "r2": 0.6665201526562047,
      "n": 103
    },
    "y_chemprop": {
      "rmse": 1.2725821507001216,
      "r2": 0.6102460678724493,
      "n": 103
    },
    "y_tpsa": {
      "rmse": 1.4373430355909633,
      "r2": 0.5027901674969971,
      "n": 103
    },
    "y_pred_blend": {
      "rmse": 1.1649067024040705,
      "r2": 0.6734113117454444,
      "n": 103
    },
    "y_pred_stack": {
      "rmse": 1.145353649633771,
      "r2": 0.6842829338416974,
      "n": 103
    }
  }
}