{
  "rmse": 1.2647657384588065,
  "r2": 0.4910906382605482
}