{
  "xgb": {
    "rmse": 1.123280015487399,
    "r2": 0.6094620634971297
  },
  "lgbm": {
    "rmse": 1.083110123958932,
    "r2": 0.6368948630079184
  }
}