{
  "lgbm": 0.12766527561237354,
  "xgb": 0.36365966060420624,
  "gnn": 0.20649208796295948,
  "tpsa": 0.3021829758204607
}