{
  "lgbm": 0.44068052522664847,
  "xgb": 0.167534114145536,
  "gnn": 0.16907310368374637,
  "tpsa": 0.2227122569440693
}