{
  "base_models": {
    "lgbm": 1.0913490965477717,
    "xgb": 1.1072615533382024,
    "gnn": 1.2312208447326436,
    "tpsa": 1.1991258011844437
  },
  "stacking": {
    "rmse": 1.0351370488137173,
    "r2": 0.644118228415622,
    "alpha": 100.0
  },
  "blending": {
    "rmse": 1.0371609008249467,
    "r2": 0.6427252609013784,
    "weights": {
      "lgbm": 0.3113670499222607,
      "xgb": 0.22771125906114117,
      "gnn": 0.21690137082982713,
      "tpsa": 0.24402032018677094
    }
  },
  "winner": "stack"
}