{
  "base_models": {
    "lgbm": 1.0580713949951237,
    "xgb": 1.0053388057695927,
    "gnn": 1.2345506934841939,
    "tpsa": 1.231036793053949
  },
  "stacking": {
    "rmse": 0.9902678963756277,
    "r2": 0.6649679223922755,
    "alpha": 10.0
  },
  "blending": {
    "rmse": 0.9842643424921946,
    "r2": 0.6690179094254948,
    "weights": {
      "lgbm": 0.0,
      "xgb": 0.6868957355987182,
      "gnn": 0.12860879684936974,
      "tpsa": 0.18449546755191218
    }
  },
  "winner": "blend"
}