{
  "lr": 0.22773646541268308,
  "leaves": 104,
  "subsample": 0.8274645983072305,
  "colsample": 0.8686416338568403,
  "alpha": 0.026686265158169877,
  "lambda": 0.007294567772929758,
  "min_child": 86
}