{
  "lr": 0.0943636552730952,
  "leaves": 44,
  "subsample": 0.9439232301456312,
  "colsample": 0.9441877822054346,
  "alpha": 0.001520427747422162,
  "lambda": 5.756739376033786,
  "min_child": 50
}