{
  "lr": 0.10455765861145408,
  "leaves": 65,
  "subsample": 0.6388784394916379,
  "colsample": 0.8982655174520169,
  "alpha": 0.0013001491589853676,
  "lambda": 0.01805730352448917,
  "min_child": 83
}