{
  "lr": 0.11467861526796029,
  "leaves": 29,
  "subsample": 0.6314359715629073,
  "colsample": 0.7101713470178319,
  "alpha": 0.027801694713504747,
  "lambda": 0.2700695910200492,
  "min_child": 96
}