{
  "lr": 0.060541630242813234,
  "leaves": 101,
  "subsample": 0.6985815629963514,
  "colsample": 0.8527232632761215,
  "alpha": 0.04691450903955562,
  "lambda": 7.005577869472494,
  "min_child": 22
}