{
  "lr": 0.13372243745409074,
  "depth": 8,
  "subsample": 0.7655814552812249,
  "colsample": 0.9217779716456677,
  "alpha": 1.636253543562827,
  "lambda": 0.020104788985881004,
  "min_child": 1
}