{
  "lr": 0.07650421538567223,
  "depth": 7,
  "subsample": 0.6842181070722807,
  "colsample": 0.9493328389972876,
  "alpha": 0.21968365756556704,
  "lambda": 0.006969525193970039,
  "min_child": 18
}