{
  "lr": 0.2789953605114226,
  "depth": 4,
  "subsample": 0.7174684314754943,
  "colsample": 0.6126636102758537,
  "alpha": 0.0030653054766795825,
  "lambda": 4.050013732114043,
  "min_child": 10
}