{
  "lr": 0.0721014862213237,
  "depth": 4,
  "subsample": 0.640938798482854,
  "colsample": 0.9827476734772966,
  "alpha": 0.016482785099214418,
  "lambda": 7.563809616448415,
  "min_child": 11
}