{
  "lr": 0.21322377792666183,
  "depth": 5,
  "subsample": 0.825684086913584,
  "colsample": 0.9436506115930519,
  "alpha": 1.4934256286151937,
  "lambda": 1.0534093900524433,
  "min_child": 9
}