{
  "y_xgb": {
    "rmse": 1.0950675080396286,
    "r2": 0.6573892349643553,
    "n": 651
  },
  "y_lgbm": {
    "rmse": 1.1755202556252053,
    "r2": 0.6051979016221444,
    "n": 651
  },
  "y_chemprop": {
    "rmse": 1.18758665814034,
    "r2": 0.5970512264968165,
    "n": 651
  },
  "y_tpsa": {
    "rmse": 1.4432431023597383,
    "r2": 0.40488869617482237,
    "n": 651
  },
  "y_pred_blend": {
    "rmse": 1.1645278515821467,
    "r2": 0.6125470444431247,
    "n": 651
  },
  "y_pred_stack": {
    "rmse": 1.1394926397716412,
    "r2": 0.6290270299631504,
    "n": 651
  },
  "physio_range": {
    "y_xgb": {
      "rmse": 1.1030913598037464,
      "r2": 0.6249784591389975,
      "n": 107
    },
    "y_lgbm": {
      "rmse": 1.185687039247517,
      "r2": 0.5667152604201193,
      "n": 107
    },
    "y_chemprop": {
      "rmse": 1.210806539348929,
      "r2": 0.5481619884855651,
      "n": 107
    },
    "y_tpsa": {
      "rmse": 1.461260886938759,
      "r2": 0.3419047324198664,
      "n": 107
    },
    "y_pred_blend": {
      "rmse": 1.1752994902299203,
      "r2": 0.5742738339717244,
      "n": 107
    },
    "y_pred_stack": {
      "rmse": 1.1577575506151883,
      "r2": 0.5868873515493855,
      "n": 107
    }
  }
}