{
  "rmse": 1.19680810002309,
  "r2": 0.5597679585147777,
  "n": 2381
}