{
  "y_xgb": {
    "rmse": 0.9830162118101017,
    "r2": 0.7013019956734163
  },
  "y_lgbm": {
    "rmse": 0.9949121214271374,
    "r2": 0.6940289022190144
  },
  "y_chemprop": {
    "rmse": 1.1149123500965572,
    "r2": 0.6157689894505777
  },
  "y_tpsa": {
    "rmse": 1.259590957861214,
    "r2": 0.5095779039183328
  },
  "y_pred_blend": {
    "rmse": 0.9935833608463764,
    "r2": 0.6948456393589226
  },
  "y_pred_stack": {
    "rmse": 0.9719132942943886,
    "r2": 0.7080113260165548
  },
  "physio_range": {
    "y_xgb": {
      "rmse": 0.970760911438576,
      "r2": 0.6970421796335544
    },
    "y_lgbm": {
      "rmse": 0.9837411886792504,
      "r2": 0.6888861702645998
    },
    "y_chemprop": {
      "rmse": 1.0969771088781972,
      "r2": 0.6131409721081773
    },
    "y_tpsa": {
      "rmse": 1.2665956145782915,
      "r2": 0.48425673406888736
    },
    "y_pred_blend": {
      "rmse": 0.9856993476491578,
      "r2": 0.6876463794195745
    },
    "y_pred_stack": {
      "rmse": 0.9647953776407167,
      "r2": 0.7007542202748744
    }
  }
}