{
  "y_xgb": {
    "model": "XGBoost",
    "test_rmse": 1.0950675080396286,
    "test_r2": 0.6573892349643553,
    "train_rmse": 1.083877976530464,
    "train_r2": 0.621988122187852,
    "accuracy": 0.8970814132104454,
    "specificity": 0.5490196078431373,
    "precision": 0.9198606271777003,
    "recall": 0.9617486338797814,
    "f1": 0.9403383793410508,
    "mcc": 0.5749218778346318,
    "roc_auc": 0.9270509661059325,
    "pr_auc": 0.9861685002087917,
    "scope": "Global"
  },
  "y_lgbm": {
    "model": "LightGBM",
    "test_rmse": 1.1755202556252053,
    "test_r2": 0.6051979016221444,
    "train_rmse": 1.0275890678894144,
    "train_r2": 0.6602311085302843,
    "accuracy": 0.8832565284178188,
    "specificity": 0.5196078431372549,
    "precision": 0.9141856392294221,
    "recall": 0.9508196721311475,
    "f1": 0.9321428571428572,
    "mcc": 0.5208539069198458,
    "roc_auc": 0.9174970534661951,
    "pr_auc": 0.9842318253650006,
    "scope": "Global"
  },
  "y_chemprop": {
    "model": "Chemprop",
    "test_rmse": 1.18758665814034,
    "test_r2": 0.5970512264968165,
    "train_rmse": 1.227820782136577,
    "train_r2": 0.5149185997231588,
    "accuracy": 0.8878648233486943,
    "specificity": 0.5196078431372549,
    "precision": 0.9146341463414634,
    "recall": 0.9562841530054644,
    "f1": 0.9349955476402494,
    "mcc": 0.5356650976300644,
    "roc_auc": 0.9221222186506661,
    "pr_auc": 0.9857809684939624,
    "scope": "Global"
  },
  "y_tpsa": {
    "model": "Baseline",
    "test_rmse": 1.4432431023597383,
    "test_r2": 0.40488869617482237,
    "train_rmse": 1.2047333681946437,
    "train_r2": 0.5329896115011186,
    "accuracy": 0.8095238095238095,
    "specificity": 0.17647058823529413,
    "precision": 0.8583473861720068,
    "recall": 0.9271402550091075,
    "f1": 0.8914185639229422,
    "mcc": 0.13220568261709992,
    "roc_auc": 0.874888388871031,
    "pr_auc": 0.9775224929317529,
    "scope": "Global"
  },
  "y_pred_blend": {
    "model": "Blend",
    "test_rmse": 1.1645278515821467,
    "test_r2": 0.6125470444431247,
    "train_rmse": 0.9954751474799846,
    "train_r2": 0.681135987498698,
    "accuracy": 0.8678955453149002,
    "specificity": 0.45098039215686275,
    "precision": 0.9026086956521739,
    "recall": 0.9453551912568307,
    "f1": 0.9234875444839858,
    "mcc": 0.44865096386267656,
    "roc_auc": 0.9127647415979141,
    "pr_auc": 0.983910328722227,
    "scope": "Global"
  },
  "y_pred_stack": {
    "model": "Stack",
    "test_rmse": 1.1394926397716412,
    "test_r2": 0.6290270299631504,
    "train_rmse": 0.9921765829205909,
    "train_r2": 0.6832456352265567,
    "accuracy": 0.869431643625192,
    "specificity": 0.5294117647058824,
    "precision": 0.9142857142857143,
    "recall": 0.9326047358834244,
    "f1": 0.9233543733092877,
    "mcc": 0.4843162431470883,
    "roc_auc": 0.9176756312725455,
    "pr_auc": 0.9850292775478557,
    "scope": "Global"
  },
  "physio_range": {
    "y_xgb": {
      "model": "XGBoost",
      "test_rmse": 1.1030913598037464,
      "test_r2": 0.6249784591389975,
      "train_rmse": 1.083877976530464,
      "train_r2": 0.621988122187852,
      "accuracy": 0.8878504672897196,
      "specificity": 0.6111111111111112,
      "precision": 0.9230769230769231,
      "recall": 0.9438202247191011,
      "f1": 0.9333333333333335,
      "mcc": 0.5820895700407092,
      "roc_auc": 0.9194756554307116,
      "pr_auc": 0.9839084879719951,
      "scope": "Physio"
    },
    "y_lgbm": {
      "model": "LightGBM",
      "test_rmse": 1.185687039247517,
      "test_r2": 0.5667152604201193,
      "train_rmse": 1.0275890678894144,
      "train_r2": 0.6602311085302843,
      "accuracy": 0.8598130841121495,
      "specificity": 0.3888888888888889,
      "precision": 0.8854166666666666,
      "recall": 0.9550561797752809,
      "f1": 0.918918918918919,
      "mcc": 0.4236316349770976,
      "roc_auc": 0.9107365792759051,
      "pr_auc": 0.981764338671218,
      "scope": "Physio"
    },
    "y_chemprop": {
      "model": "Chemprop",
      "test_rmse": 1.210806539348929,
      "test_r2": 0.5481619884855651,
      "train_rmse": 1.227820782136577,
      "train_r2": 0.5149185997231588,
      "accuracy": 0.8785046728971962,
      "specificity": 0.5,
      "precision": 0.9042553191489362,
      "recall": 0.9550561797752809,
      "f1": 0.9289617486338798,
      "mcc": 0.521027528052684,
      "roc_auc": 0.91729088639201,
      "pr_auc": 0.9837673718784891,
      "scope": "Physio"
    },
    "y_tpsa": {
      "model": "Baseline",
      "test_rmse": 1.461260886938759,
      "test_r2": 0.3419047324198664,
      "train_rmse": 1.2047333681946437,
      "train_r2": 0.5329896115011186,
      "accuracy": 0.7757009345794392,
      "specificity": 0.1111111111111111,
      "precision": 0.8350515463917526,
      "recall": 0.9101123595505618,
      "f1": 0.870967741935484,
      "mcc": 0.027274813775562755,
      "roc_auc": 0.8514357053682896,
      "pr_auc": 0.9710266451166232,
      "scope": "Physio"
    },
    "y_pred_blend": {
      "model": "Blend",
      "test_rmse": 1.1752994902299203,
      "test_r2": 0.5742738339717244,
      "train_rmse": 0.9954751474799846,
      "train_r2": 0.681135987498698,
      "accuracy": 0.8411214953271028,
      "specificity": 0.3888888888888889,
      "precision": 0.8829787234042553,
      "recall": 0.9325842696629213,
      "f1": 0.907103825136612,
      "mcc": 0.3680784320262446,
      "roc_auc": 0.8995006242197252,
      "pr_auc": 0.9804884348124029,
      "scope": "Physio"
    },
    "y_pred_stack": {
      "model": "Stack",
      "test_rmse": 1.1577575506151883,
      "test_r2": 0.5868873515493855,
      "train_rmse": 0.9921765829205909,
      "train_r2": 0.6832456352265567,
      "accuracy": 0.8411214953271028,
      "specificity": 0.4444444444444444,
      "precision": 0.8913043478260869,
      "recall": 0.9213483146067416,
      "f1": 0.9060773480662982,
      "mcc": 0.39411849612572386,
      "roc_auc": 0.9094881398252184,
      "pr_auc": 0.9827430003858366,
      "scope": "Physio"
    }
  }
}