{
  "y_xgb": {
    "rmse": 1.0260305990497307,
    "r2": 0.6608210652693636,
    "n": 653
  },
  "y_lgbm": {
    "rmse": 1.0687449572473442,
    "r2": 0.6319927256983581,
    "n": 653
  },
  "y_chemprop": {
    "rmse": 1.1867197194094803,
    "r2": 0.5462626145913378,
    "n": 653
  },
  "y_tpsa": {
    "rmse": 1.21385630187734,
    "r2": 0.5252742373060721,
    "n": 653
  },
  "y_pred_blend": {
    "rmse": 1.0155324747580006,
    "r2": 0.6677263685637014,
    "n": 653
  },
  "y_pred_stack": {
    "rmse": 1.0017400862599866,
    "r2": 0.6766905844911889,
    "n": 653
  },
  "physio_range": {
    "y_xgb": {
      "rmse": 1.0117193848815864,
      "r2": 0.6649669815025905,
      "n": 110
    },
    "y_lgbm": {
      "rmse": 1.0597872787006,
      "r2": 0.6323751403204656,
      "n": 110
    },
    "y_chemprop": {
      "rmse": 1.200969599790547,
      "r2": 0.5279027224388533,
      "n": 110
    },
    "y_tpsa": {
      "rmse": 1.2499618436025564,
      "r2": 0.4885996989103524,
      "n": 110
    },
    "y_pred_blend": {
      "rmse": 1.0125847757844826,
      "r2": 0.6643935843119124,
      "n": 110
    },
    "y_pred_stack": {
      "rmse": 1.00628354176985,
      "r2": 0.6685574917703649,
      "n": 110
    }
  }
}