{
  "global_rmse": {
    "mean": 1.013464117542045,
    "std": 0.0879591458754614
  },
  "global_r2": {
    "mean": 0.6906573833218578,
    "std": 0.038603819693550395
  },
  "physio_rmse": {
    "mean": 1.0161463943996698,
    "std": 0.09010824981233805
  },
  "physio_r2": {
    "mean": 0.6739708967029316,
    "std": 0.04275545500907491
  }
}