{
  "model_type": "Ridge_Physics_Based",
  "intercept": 7.872570684913387,
  "coefs": {
    "inv_temp": -2.3901952108757856,
    "rdkit__logP": -0.6516489357410016,
    "rdkit__TPSA": -0.01275675907701364,
    "rdkit__MW": -0.0009748472652963115
  },
  "features": [
    "inv_temp",
    "rdkit__logP",
    "rdkit__TPSA",
    "rdkit__MW"
  ],
  "alpha": 1.0,
  "training_samples": 2381
}