{
  "lgbm": 0.40079244982950857,
  "xgb": 0.16075351652076234,
  "gnn": 0.28966295990872426,
  "tpsa": 0.1487910737410048
}