{
  "lgbm": 0.2832310878946029,
  "xgb": 0.16988700079836033,
  "gnn": 0.37444954665746105,
  "tpsa": 0.17243236464957568
}