{
  "rmse": 1.2431264150794417,
  "r2": 0.5089528688077852
}