{
  "base_models": {
    "lgbm": 1.083110123958932,
    "xgb": 1.123280015487399,
    "gnn": 1.1980031712723924,
    "tpsa": 1.304234799776395
  },
  "stacking": {
    "rmse": 1.0436877497961663,
    "r2": 0.6628459859785969,
    "alpha": 100.0
  },
  "blending": {
    "rmse": 1.042210769222532,
    "r2": 0.6637995615602983,
    "weights": {
      "lgbm": 0.40079244982950857,
      "xgb": 0.16075351652076234,
      "gnn": 0.28966295990872426,
      "tpsa": 0.1487910737410048
    }
  },
  "winner": "blend"
}