{
  "base_models": {
    "lgbm": 1.134396802716302,
    "xgb": 1.1951469242036492,
    "gnn": 1.2121301077592894,
    "tpsa": 1.311332431121104
  },
  "stacking": {
    "rmse": 1.05636860389814,
    "r2": 0.6652056900088655,
    "alpha": 100.0
  },
  "blending": {
    "rmse": 1.0588440001695105,
    "r2": 0.6636347997156915,
    "weights": {
      "lgbm": 0.2832310878946029,
      "xgb": 0.16988700079836033,
      "gnn": 0.37444954665746105,
      "tpsa": 0.17243236464957568
    }
  },
  "winner": "stack"
}