{
  "lgbm": 0.23629893078879224,
  "xgb": 0.2704235640420974,
  "gnn": 0.23800171381303403,
  "tpsa": 0.2552757913560764
}