{
  "lgbm": 0.21686735157655765,
  "xgb": 0.3116909596072386,
  "gnn": 0.29361133347238555,
  "tpsa": 0.17783035534381825
}