{
  "rmse": 1.304234799776395,
  "r2": 0.47349956972012974
}