{
  "lr": 0.11060880546335553,
  "leaves": 63,
  "subsample": 0.8471425116763388,
  "colsample": 0.632352072933073,
  "alpha": 0.004613691951376214,
  "lambda": 0.0017907219767570198,
  "min_child": 96
}