{
  "lr": 0.1272800753665954,
  "leaves": 43,
  "subsample": 0.9888392442354493,
  "colsample": 0.6005533735359202,
  "alpha": 0.012937012931349218,
  "lambda": 0.025314060814314195,
  "min_child": 56
}