{
  "lr": 0.15537484161507195,
  "leaves": 103,
  "subsample": 0.9739933584234158,
  "colsample": 0.9001758359661535,
  "alpha": 0.07332928784805166,
  "lambda": 1.1305156646952845,
  "min_child": 41
}