{
  "lr": 0.09573740829750159,
  "leaves": 126,
  "subsample": 0.6271253507752037,
  "colsample": 0.759057230362526,
  "alpha": 0.00875608220745317,
  "lambda": 1.366166532829224,
  "min_child": 58
}