{
  "lr": 0.16428068760643297,
  "leaves": 86,
  "subsample": 0.6635656222975421,
  "colsample": 0.9322850840635754,
  "alpha": 0.004560344624707286,
  "lambda": 0.003799773794651805,
  "min_child": 44
}