{
  "lr": 0.10208587585151446,
  "depth": 3,
  "subsample": 0.7829810243015021,
  "colsample": 0.6881239813983062,
  "alpha": 0.0010021265918075696,
  "lambda": 4.218017394383886,
  "min_child": 14
}