{
  "lr": 0.21748992313843526,
  "depth": 8,
  "subsample": 0.7486756143265795,
  "colsample": 0.9364821275491662,
  "alpha": 0.24408684781741335,
  "lambda": 4.080548855339968,
  "min_child": 16
}