{
  "lr": 0.17458172967520505,
  "depth": 4,
  "subsample": 0.8793020391583457,
  "colsample": 0.7475606316437137,
  "alpha": 0.008151456186861271,
  "lambda": 0.0027304612584416977,
  "min_child": 20
}