{
  "lr": 0.07536078000267252,
  "depth": 6,
  "subsample": 0.6588016534666696,
  "colsample": 0.9325011063514251,
  "alpha": 0.013170188452674514,
  "lambda": 0.5923916097369409,
  "min_child": 9
}