{
  "lr": 0.056727300311925626,
  "depth": 5,
  "subsample": 0.6037475876241812,
  "colsample": 0.6967754830185874,
  "alpha": 1.0745011081271678,
  "lambda": 0.0011996921959570288,
  "min_child": 3
}