{
  "lr": 0.07544299504148261,
  "leaves": 86,
  "subsample": 0.745290299334248,
  "colsample": 0.8417685053237274,
  "alpha": 0.43350084319964594,
  "lambda": 0.0018442887549605992,
  "min_child": 25
}