{
  "lr": 0.07957294534157026,
  "leaves": 101,
  "subsample": 0.600350146585391,
  "colsample": 0.8183127315496949,
  "alpha": 0.013461572996456133,
  "lambda": 3.604407061445691,
  "min_child": 19
}