{
  "lr": 0.17560295570075526,
  "leaves": 46,
  "subsample": 0.9614202655513413,
  "colsample": 0.75875053426053,
  "alpha": 0.05796450157289242,
  "lambda": 0.001431777644624745,
  "min_child": 99
}