{
  "lr": 0.1368986181064558,
  "leaves": 69,
  "subsample": 0.9814484902931749,
  "colsample": 0.9576924491221247,
  "alpha": 0.21422142869003807,
  "lambda": 1.7328182378523007,
  "min_child": 22
}