{
  "lr": 0.11280119820423919,
  "leaves": 113,
  "subsample": 0.7553959571368647,
  "colsample": 0.731994134357388,
  "alpha": 0.00388226923581191,
  "lambda": 0.7183102039629201,
  "min_child": 79
}