{
  "lr": 0.07098573863791419,
  "depth": 6,
  "subsample": 0.6569676323107143,
  "colsample": 0.6781300896676727,
  "alpha": 0.07405108286926416,
  "lambda": 0.015012723851113989,
  "min_child": 13
}