{
  "lr": 0.11736631553707205,
  "depth": 9,
  "subsample": 0.6162605094986017,
  "colsample": 0.7403200123732836,
  "alpha": 0.07305162331984127,
  "lambda": 2.806813025204749,
  "min_child": 16
}