{
  "lr": 0.055496160274152745,
  "depth": 9,
  "subsample": 0.7994543917530467,
  "colsample": 0.9275646724841553,
  "alpha": 0.9639848952914594,
  "lambda": 3.6910992635297304,
  "min_child": 7
}