{
  "lr": 0.057879983252925905,
  "depth": 3,
  "subsample": 0.6763330054847168,
  "colsample": 0.8992609500624977,
  "alpha": 3.4621626558092564,
  "lambda": 0.05396885875009612,
  "min_child": 10
}