{
  "lr": 0.09438894988421892,
  "depth": 5,
  "subsample": 0.6517494754152482,
  "colsample": 0.6622075605307717,
  "alpha": 0.0027339678278822904,
  "lambda": 0.7041935468777734,
  "min_child": 9
}