{
  "model_type": "Ridge_Physics_Based",
  "intercept": 7.517737540833105,
  "coefs": {
    "inv_temp": -2.3022841247110977,
    "rdkit__logP": -0.6189021113743903,
    "rdkit__TPSA": -0.008934767699136568,
    "rdkit__MW": -0.0022335470586205327
  },
  "features": [
    "inv_temp",
    "rdkit__logP",
    "rdkit__TPSA",
    "rdkit__MW"
  ],
  "alpha": 1.0,
  "training_samples": 2380
}