{
  "lr": 0.07705791192219986,
  "leaves": 96,
  "subsample": 0.7379366957072159,
  "colsample": 0.8353014364249965,
  "alpha": 0.0020144479114325886,
  "lambda": 0.08941464965737624,
  "min_child": 100
}