{
  "lr": 0.13017591988457344,
  "leaves": 53,
  "subsample": 0.8693168348161633,
  "colsample": 0.9561249464502273,
  "alpha": 0.09584801038769612,
  "lambda": 0.0368429954961741,
  "min_child": 76
}