{
  "lr": 0.05206422872037203,
  "leaves": 108,
  "subsample": 0.8332626617974522,
  "colsample": 0.8510956344598566,
  "alpha": 0.005798364639645863,
  "lambda": 0.005898628832294763,
  "min_child": 98
}