{
  "lr": 0.05703591789820941,
  "leaves": 67,
  "subsample": 0.6449419795046796,
  "colsample": 0.796726800315961,
  "alpha": 0.009086199656766455,
  "lambda": 0.16253014461102414,
  "min_child": 40
}