{
  "lr": 0.0865961341420209,
  "leaves": 124,
  "subsample": 0.7111893790919769,
  "colsample": 0.9724591563982399,
  "alpha": 0.026144960304850858,
  "lambda": 0.007422341322125158,
  "min_child": 54
}