{
  "lr": 0.05896267510551236,
  "depth": 9,
  "subsample": 0.6506122550085495,
  "colsample": 0.8151640869519802,
  "alpha": 1.8470702772715406,
  "lambda": 0.01900302842763461,
  "min_child": 9
}