{
  "lr": 0.10297053046540125,
  "depth": 8,
  "subsample": 0.6130414437205898,
  "colsample": 0.6078595320319193,
  "alpha": 0.002516605429638577,
  "lambda": 0.004945061001855115,
  "min_child": 17
}