{
  "lr": 0.0777905813220614,
  "depth": 7,
  "subsample": 0.9522749114084135,
  "colsample": 0.8834497555429375,
  "alpha": 0.006257149520844035,
  "lambda": 0.22686593400924202,
  "min_child": 5
}