{
  "lr": 0.06483604135777339,
  "depth": 3,
  "subsample": 0.8240320644031649,
  "colsample": 0.7048071935900688,
  "alpha": 0.0034655020381291366,
  "lambda": 4.375223832803743,
  "min_child": 12
}