{
  "lr": 0.05106869080674861,
  "depth": 9,
  "subsample": 0.6061240021296099,
  "colsample": 0.9351003323917932,
  "alpha": 0.002271199266995122,
  "lambda": 0.12981767879377876,
  "min_child": 8
}