{
  "base_models": {
    "lgbm": 1.0693963998320437,
    "xgb": 1.1165202281567834,
    "gnn": 1.1814309816743191,
    "tpsa": 1.2710468489149116
  },
  "stacking": {
    "rmse": 1.0034151641616926,
    "r2": 0.6868925723954008,
    "alpha": 10.0
  },
  "blending": {
    "rmse": 1.0041467200626444,
    "r2": 0.6864358539944789,
    "weights": {
      "lgbm": 0.41609035125995536,
      "xgb": 0.09433777862068334,
      "gnn": 0.3098639384633646,
      "tpsa": 0.17970793165599683
    }
  },
  "winner": "stack"
}