{
  "base_models": {
    "lgbm": 1.1412111264984615,
    "xgb": 1.194107446002159,
    "gnn": 1.2138731789118995,
    "tpsa": 1.2933388842849565
  },
  "stacking": {
    "rmse": 1.0739387484398466,
    "r2": 0.6489114599930248,
    "alpha": 100.0
  },
  "blending": {
    "rmse": 1.0669185775657382,
    "r2": 0.6534864804226046,
    "weights": {
      "lgbm": 0.4075412278232998,
      "xgb": 0.023094228742252667,
      "gnn": 0.33514002762404416,
      "tpsa": 0.23422451581040327
    }
  },
  "winner": "blend"
}