{
  "rmse": 1.0701031856180874,
  "r2": 0.6257967964207574,
  "n": 561
}