{
  "rmse": 1.1858426228434094,
  "r2": 0.5737924012389979,
  "n": 2935
}