{
  "y_xgb": {
    "rmse": 1.0427530646817567,
    "r2": 0.6833358894402612,
    "n": 635
  },
  "y_lgbm": {
    "rmse": 1.024688619465079,
    "r2": 0.6942125053355825,
    "n": 635
  },
  "y_chemprop": {
    "rmse": 1.1146549551164127,
    "r2": 0.6381598147371792,
    "n": 635
  },
  "y_tpsa": {
    "rmse": 1.2002876174146901,
    "r2": 0.5804279529442324,
    "n": 635
  },
  "y_pred_blend": {
    "rmse": 1.003890128733741,
    "r2": 0.7064998937675372,
    "n": 635
  },
  "y_pred_stack": {
    "rmse": 0.9620690957831087,
    "r2": 0.730444359793796,
    "n": 635
  },
  "physio_range": {
    "y_xgb": {
      "rmse": 1.0731121099644187,
      "r2": 0.6391850216105623,
      "n": 102
    },
    "y_lgbm": {
      "rmse": 1.0574693371220827,
      "r2": 0.6496275639752512,
      "n": 102
    },
    "y_chemprop": {
      "rmse": 1.168624882569222,
      "r2": 0.5720976963765647,
      "n": 102
    },
    "y_tpsa": {
      "rmse": 1.2417279317505812,
      "r2": 0.5168886208203152,
      "n": 102
    },
    "y_pred_blend": {
      "rmse": 1.047397173282365,
      "r2": 0.6562702191149263,
      "n": 102
    },
    "y_pred_stack": {
      "rmse": 1.01584064590016,
      "r2": 0.6766703456664889,
      "n": 102
    }
  }
}