{
  "y_xgb": {
    "model": "XGBoost",
    "test_rmse": 0.9830162118101017,
    "test_r2": 0.7013019956734163,
    "train_rmse": 0.9830162118101017,
    "train_r2": 0.7013019956734163,
    "accuracy": 0.8868267831149927,
    "specificity": 0.4088785046728972,
    "precision": 0.899403578528827,
    "recall": 0.975,
    "f1": 0.9356773526370217,
    "mcc": 0.4997038737717204,
    "roc_auc": 0.9182827102803739,
    "pr_auc": 0.9844553018962661,
    "scope": "Global"
  },
  "y_lgbm": {
    "model": "LightGBM",
    "test_rmse": 0.9949121214271374,
    "test_r2": 0.6940289022190144,
    "train_rmse": 0.9949121214271374,
    "train_r2": 0.6940289022190144,
    "accuracy": 0.8784570596797671,
    "specificity": 0.4322429906542056,
    "precision": 0.9016990291262136,
    "recall": 0.9607758620689655,
    "f1": 0.9303005008347244,
    "mcc": 0.47413333044426537,
    "roc_auc": 0.9162967289719626,
    "pr_auc": 0.9840549514139096,
    "scope": "Global"
  },
  "y_chemprop": {
    "model": "Chemprop",
    "test_rmse": 1.1149123500965572,
    "test_r2": 0.6157689894505777,
    "train_rmse": 1.1149123500965572,
    "train_r2": 0.6157689894505777,
    "accuracy": 0.8755458515283843,
    "specificity": 0.5397196261682243,
    "precision": 0.9169477234401349,
    "recall": 0.9375,
    "f1": 0.9271099744245525,
    "mcc": 0.5035387626083189,
    "roc_auc": 0.8910555309378022,
    "pr_auc": 0.9783431384377037,
    "scope": "Global"
  },
  "y_tpsa": {
    "model": "Baseline",
    "test_rmse": 1.259590957861214,
    "test_r2": 0.5095779039183328,
    "train_rmse": 1.259590957861214,
    "train_r2": 0.5095779039183328,
    "accuracy": 0.8384279475982532,
    "specificity": 0.1658878504672897,
    "precision": 0.8621621621621621,
    "recall": 0.9625,
    "f1": 0.9095723014256619,
    "mcc": 0.1999914269762941,
    "roc_auc": 0.8902966886883661,
    "pr_auc": 0.9795471864913938,
    "scope": "Global"
  },
  "y_pred_blend": {
    "model": "Blend",
    "test_rmse": 0.9935833608463764,
    "test_r2": 0.6948456393589226,
    "train_rmse": null,
    "train_r2": null,
    "accuracy": 0.8853711790393013,
    "specificity": 0.37616822429906543,
    "precision": 0.8948404883812524,
    "recall": 0.9793103448275862,
    "f1": 0.9351718460588598,
    "mcc": 0.4862670103092264,
    "roc_auc": 0.9237209958105059,
    "pr_auc": 0.9856265053571621,
    "scope": "Global"
  },
  "y_pred_stack": {
    "model": "Stack",
    "test_rmse": 0.9719132942943886,
    "test_r2": 0.7080113260165548,
    "train_rmse": null,
    "train_r2": null,
    "accuracy": 0.8806404657933042,
    "specificity": 0.4088785046728972,
    "precision": 0.8987189751801441,
    "recall": 0.9676724137931034,
    "f1": 0.9319219593192195,
    "mcc": 0.47481383721107573,
    "roc_auc": 0.9230150257815017,
    "pr_auc": 0.9855532988653108,
    "scope": "Global"
  },
  "physio_range": {
    "y_xgb": {
      "model": "XGBoost",
      "test_rmse": 0.970760911438576,
      "test_r2": 0.6970421796335544,
      "train_rmse": 0.9830162118101017,
      "train_r2": 0.7013019956734163,
      "accuracy": 0.8824833702882483,
      "specificity": 0.3972602739726027,
      "precision": 0.8934624697336562,
      "recall": 0.9761904761904762,
      "f1": 0.9329962073324906,
      "mcc": 0.49519225325509875,
      "roc_auc": 0.9103065883887802,
      "pr_auc": 0.9820510822080704,
      "scope": "Physio"
    },
    "y_lgbm": {
      "model": "LightGBM",
      "test_rmse": 0.9837411886792504,
      "test_r2": 0.6888861702645998,
      "train_rmse": 0.9949121214271374,
      "train_r2": 0.6940289022190144,
      "accuracy": 0.8647450110864745,
      "specificity": 0.410958904109589,
      "precision": 0.8933002481389578,
      "recall": 0.9523809523809523,
      "f1": 0.9218950064020487,
      "mcc": 0.433957529924094,
      "roc_auc": 0.9054142204827137,
      "pr_auc": 0.9809517916810416,
      "scope": "Physio"
    },
    "y_chemprop": {
      "model": "Chemprop",
      "test_rmse": 1.0969771088781972,
      "test_r2": 0.6131409721081773,
      "train_rmse": 1.1149123500965572,
      "train_r2": 0.6157689894505777,
      "accuracy": 0.8713968957871396,
      "specificity": 0.5205479452054794,
      "precision": 0.9102564102564102,
      "recall": 0.9391534391534392,
      "f1": 0.9244791666666666,
      "mcc": 0.4950920134160262,
      "roc_auc": 0.8842501993186925,
      "pr_auc": 0.9757592704310125,
      "scope": "Physio"
    },
    "y_tpsa": {
      "model": "Baseline",
      "test_rmse": 1.2665956145782915,
      "test_r2": 0.48425673406888736,
      "train_rmse": 1.259590957861214,
      "train_r2": 0.5095779039183328,
      "accuracy": 0.8226164079822617,
      "specificity": 0.1506849315068493,
      "precision": 0.8530805687203792,
      "recall": 0.9523809523809523,
      "f1": 0.8999999999999999,
      "mcc": 0.15476296363250078,
      "roc_auc": 0.8721098789591941,
      "pr_auc": 0.974666104608734,
      "scope": "Physio"
    },
    "y_pred_blend": {
      "model": "Blend",
      "test_rmse": 0.9856993476491578,
      "test_r2": 0.6876463794195745,
      "train_rmse": null,
      "train_r2": null,
      "accuracy": 0.8780487804878049,
      "specificity": 0.3561643835616438,
      "precision": 0.8872901678657075,
      "recall": 0.9788359788359788,
      "f1": 0.9308176100628931,
      "mcc": 0.46735309253824975,
      "roc_auc": 0.9133869681814887,
      "pr_auc": 0.9827587979891252,
      "scope": "Physio"
    },
    "y_pred_stack": {
      "model": "Stack",
      "test_rmse": 0.9647953776407167,
      "test_r2": 0.7007542202748744,
      "train_rmse": null,
      "train_r2": null,
      "accuracy": 0.8691796008869179,
      "specificity": 0.3424657534246575,
      "precision": 0.8843373493975903,
      "recall": 0.9708994708994709,
      "f1": 0.9255989911727617,
      "mcc": 0.4258756704274508,
      "roc_auc": 0.9145466405740378,
      "pr_auc": 0.9831118728746124,
      "scope": "Physio"
    }
  }
}