{
  "rmse": 1.2047333681946437,
  "r2": 0.5329896115011186
}