{
  "y_xgb": {
    "rmse": 0.9598777020335106,
    "r2": 0.7233330865203544,
    "n": 671
  },
  "y_lgbm": {
    "rmse": 0.9944724450036767,
    "r2": 0.7030311295527027,
    "n": 671
  },
  "y_chemprop": {
    "rmse": 1.1742166303354642,
    "r2": 0.5859794740218252,
    "n": 671
  },
  "y_tpsa": {
    "rmse": 1.300931472331688,
    "r2": 0.49180046948913425,
    "n": 671
  },
  "y_pred_blend": {
    "rmse": 0.9993246752342878,
    "r2": 0.7001261185441925,
    "n": 671
  },
  "y_pred_stack": {
    "rmse": 0.978313471000551,
    "r2": 0.7126034925621312,
    "n": 671
  },
  "physio_range": {
    "y_xgb": {
      "rmse": 0.9165992822963366,
      "r2": 0.7357483593536378,
      "n": 101
    },
    "y_lgbm": {
      "rmse": 0.9401541251359875,
      "r2": 0.7219923295788471,
      "n": 101
    },
    "y_chemprop": {
      "rmse": 1.133036482833917,
      "r2": 0.5962184650134557,
      "n": 101
    },
    "y_tpsa": {
      "rmse": 1.2755246753906522,
      "r2": 0.4882752814351101,
      "n": 101
    },
    "y_pred_blend": {
      "rmse": 0.9582450154396295,
      "r2": 0.711190280764943,
      "n": 101
    },
    "y_pred_stack": {
      "rmse": 0.9426596167974687,
      "r2": 0.7205085855378152,
      "n": 101
    }
  }
}