{
  "lgbm": 0.2821080324024332,
  "xgb": 0.17246106312751558,
  "gnn": 0.32835201528434593,
  "tpsa": 0.21707888918570514
}