{
  "lgbm": 0.10361829424528839,
  "xgb": 0.4907238152440848,
  "gnn": 0.264095225423277,
  "tpsa": 0.14156266508734985
}