{
  "base_models": {
    "lgbm": 1.0487300675490274,
    "xgb": 1.058586998093925,
    "gnn": 1.168638642015987,
    "tpsa": 1.2733090083939833
  },
  "stacking": {
    "rmse": 1.0125775708058853,
    "r2": 0.6812153495396658,
    "alpha": 100.0
  },
  "blending": {
    "rmse": 1.0115361781616736,
    "r2": 0.6818707250606058,
    "weights": {
      "lgbm": 0.3438921076433582,
      "xgb": 0.28748786323680753,
      "gnn": 0.25020390161810124,
      "tpsa": 0.11841612750173298
    }
  },
  "winner": "blend"
}