{
  "base_models": {
    "lgbm": 1.0573605981805492,
    "xgb": 1.090907132403943,
    "gnn": 1.2446923891119845,
    "tpsa": 1.3014514508229156
  },
  "stacking": {
    "rmse": 1.0439484916899868,
    "r2": 0.6583848224556827,
    "alpha": 10.0
  },
  "blending": {
    "rmse": 1.0415545388920793,
    "r2": 0.6599497903188518,
    "weights": {
      "lgbm": 0.4262142079507878,
      "xgb": 0.2716592910938943,
      "gnn": 0.18505062937750882,
      "tpsa": 0.11707587157780897
    }
  },
  "winner": "blend"
}