{
  "model_type": "Ridge_Physics_Based",
  "intercept": 7.555286560906106,
  "coefs": {
    "inv_temp": -2.3128817457909383,
    "rdkit__logP": -0.564983159331057,
    "rdkit__TPSA": -0.008172840202328698,
    "rdkit__MW": -0.002745389269126808
  },
  "features": [
    "inv_temp",
    "rdkit__logP",
    "rdkit__TPSA",
    "rdkit__MW"
  ],
  "alpha": 1.0,
  "training_samples": 2400
}