{
  "xgb": {
    "rmse": 1.083877976530464,
    "r2": 0.621988122187852
  },
  "lgbm": {
    "rmse": 1.0275890678894144,
    "r2": 0.6602311085302843
  }
}