{
  "y_xgb": {
    "model": "XGBoost",
    "test_rmse": 0.9248548974926496,
    "test_r2": 0.7422824352955291,
    "train_rmse": 1.048822710723907,
    "train_r2": 0.6518001784304861,
    "accuracy": 0.901743264659271,
    "specificity": 0.4787234042553192,
    "precision": 0.9144851657940664,
    "recall": 0.9757914338919925,
    "f1": 0.9441441441441442,
    "mcc": 0.5601544980379933,
    "roc_auc": 0.9357145687230081,
    "pr_auc": 0.9884708832517897,
    "scope": "Global"
  },
  "y_lgbm": {
    "model": "LightGBM",
    "test_rmse": 0.8855205314486045,
    "test_r2": 0.7637378848682961,
    "train_rmse": 1.0853318405321573,
    "train_r2": 0.6271368476687242,
    "accuracy": 0.9080824088748018,
    "specificity": 0.5106382978723404,
    "precision": 0.9194395796847635,
    "recall": 0.9776536312849162,
    "f1": 0.9476534296028881,
    "mcc": 0.5927027419173619,
    "roc_auc": 0.942608661198938,
    "pr_auc": 0.989508735457272,
    "scope": "Global"
  },
  "y_chemprop": {
    "model": "Chemprop",
    "test_rmse": 1.1389991875492111,
    "test_r2": 0.6091198231824072,
    "train_rmse": 1.186190488857619,
    "train_r2": 0.5546173925079119,
    "accuracy": 0.8605388272583201,
    "specificity": 0.4787234042553192,
    "precision": 0.9104204753199269,
    "recall": 0.9273743016759777,
    "f1": 0.9188191881918819,
    "mcc": 0.4256457482369594,
    "roc_auc": 0.8910020206822775,
    "pr_auc": 0.9805654315598735,
    "scope": "Global"
  },
  "y_tpsa": {
    "model": "Baseline",
    "test_rmse": 1.2511215710703203,
    "test_r2": 0.5283760606791923,
    "train_rmse": 1.2679892122997418,
    "train_r2": 0.49107299527978976,
    "accuracy": 0.8082408874801902,
    "specificity": 0.05319148936170213,
    "precision": 0.8501683501683501,
    "recall": 0.9404096834264432,
    "f1": 0.8930150309460654,
    "mcc": -0.00969744596063728,
    "roc_auc": 0.864614287412338,
    "pr_auc": 0.9769345704936649,
    "scope": "Global"
  },
  "y_pred_blend": {
    "model": "Blend",
    "test_rmse": 0.9320020026304908,
    "test_r2": 0.7382838586581115,
    "train_rmse": 1.0108216914274017,
    "train_r2": 0.6765750761535869,
    "accuracy": 0.8858954041204438,
    "specificity": 0.35106382978723405,
    "precision": 0.8960817717206133,
    "recall": 0.9795158286778398,
    "f1": 0.9359430604982206,
    "mcc": 0.4621487763003492,
    "roc_auc": 0.9366060461983439,
    "pr_auc": 0.9888502131301494,
    "scope": "Global"
  },
  "y_pred_stack": {
    "model": "Stack",
    "test_rmse": 0.925784298484218,
    "test_r2": 0.7417642063041612,
    "train_rmse": 1.015313387120733,
    "train_r2": 0.6736943425418418,
    "accuracy": 0.8763866877971473,
    "specificity": 0.32978723404255317,
    "precision": 0.8923076923076924,
    "recall": 0.9720670391061452,
    "f1": 0.9304812834224598,
    "mcc": 0.4134200631831867,
    "roc_auc": 0.9329212726336226,
    "pr_auc": 0.9884734133952997,
    "scope": "Global"
  },
  "physio_range": {
    "y_xgb": {
      "model": "XGBoost",
      "test_rmse": 0.9603365066405531,
      "test_r2": 0.7136104648741862,
      "train_rmse": 1.048822710723907,
      "train_r2": 0.6518001784304861,
      "accuracy": 0.8653846153846154,
      "specificity": 0.35294117647058826,
      "precision": 0.8842105263157894,
      "recall": 0.9655172413793104,
      "f1": 0.9230769230769231,
      "mcc": 0.41884541218304666,
      "roc_auc": 0.924949290060852,
      "pr_auc": 0.9852436361480261,
      "scope": "Physio"
    },
    "y_lgbm": {
      "model": "LightGBM",
      "test_rmse": 0.9264386725666617,
      "test_r2": 0.7334715224856447,
      "train_rmse": 1.0853318405321573,
      "train_r2": 0.6271368476687242,
      "accuracy": 0.8846153846153846,
      "specificity": 0.4117647058823529,
      "precision": 0.8947368421052632,
      "recall": 0.9770114942528736,
      "f1": 0.9340659340659342,
      "mcc": 0.5113293248519147,
      "roc_auc": 0.9256254225828263,
      "pr_auc": 0.9846008942056523,
      "scope": "Physio"
    },
    "y_chemprop": {
      "model": "Chemprop",
      "test_rmse": 1.1225292990673128,
      "test_r2": 0.6087037932270033,
      "train_rmse": 1.186190488857619,
      "train_r2": 0.5546173925079119,
      "accuracy": 0.8557692307692307,
      "specificity": 0.47058823529411764,
      "precision": 0.9,
      "recall": 0.9310344827586207,
      "f1": 0.9152542372881356,
      "mcc": 0.4351280549733174,
      "roc_auc": 0.881000676132522,
      "pr_auc": 0.9769802379893628,
      "scope": "Physio"
    },
    "y_tpsa": {
      "model": "Baseline",
      "test_rmse": 1.2898370712643163,
      "test_r2": 0.483369577111317,
      "train_rmse": 1.2679892122997418,
      "train_r2": 0.49107299527978976,
      "accuracy": 0.7692307692307693,
      "specificity": 0.0,
      "precision": 0.8247422680412371,
      "recall": 0.9195402298850575,
      "f1": 0.8695652173913043,
      "mcc": -0.11874846030272677,
      "roc_auc": 0.828262339418526,
      "pr_auc": 0.9670499555733882,
      "scope": "Physio"
    },
    "y_pred_blend": {
      "model": "Blend",
      "test_rmse": 0.9734869220996928,
      "test_r2": 0.705713384495777,
      "train_rmse": 1.0108216914274017,
      "train_r2": 0.6765750761535869,
      "accuracy": 0.8557692307692307,
      "specificity": 0.23529411764705882,
      "precision": 0.8673469387755102,
      "recall": 0.9770114942528736,
      "f1": 0.9189189189189189,
      "mcc": 0.3367106848115908,
      "roc_auc": 0.9093982420554428,
      "pr_auc": 0.9819987986379592,
      "scope": "Physio"
    },
    "y_pred_stack": {
      "model": "Stack",
      "test_rmse": 0.962579505572,
      "test_r2": 0.712271097703338,
      "train_rmse": 1.015313387120733,
      "train_r2": 0.6736943425418418,
      "accuracy": 0.8461538461538461,
      "specificity": 0.23529411764705882,
      "precision": 0.865979381443299,
      "recall": 0.9655172413793104,
      "f1": 0.9130434782608695,
      "mcc": 0.2963722076463013,
      "roc_auc": 0.9148073022312373,
      "pr_auc": 0.9836737520034305,
      "scope": "Physio"
    }
  }
}