{
  "lgbm": 0.33487641712699867,
  "xgb": 0.28687775217289835,
  "gnn": 0.2512897166286993,
  "tpsa": 0.12695611407140361
}