{
  "y_xgb": {
    "rmse": 0.9934297982775244,
    "r2": 0.708055159473957,
    "n": 629
  },
  "y_lgbm": {
    "rmse": 1.0092395514832337,
    "r2": 0.6986890165474686,
    "n": 629
  },
  "y_chemprop": {
    "rmse": 1.1249935415643006,
    "r2": 0.6256080539534661,
    "n": 629
  },
  "y_tpsa": {
    "rmse": 1.2964663123071665,
    "r2": 0.5027796304532217,
    "n": 629
  },
  "y_pred_blend": {
    "rmse": 0.9812228780276631,
    "r2": 0.7151857133326703,
    "n": 629
  },
  "y_pred_stack": {
    "rmse": 0.9695973904055724,
    "r2": 0.7218946682936314,
    "n": 629
  },
  "physio_range": {
    "y_xgb": {
      "rmse": 0.9869725142452748,
      "r2": 0.7066449672908277,
      "n": 105
    },
    "y_lgbm": {
      "rmse": 0.9958553077396631,
      "r2": 0.7013407904326976,
      "n": 105
    },
    "y_chemprop": {
      "rmse": 1.0640441553488185,
      "r2": 0.6590405533162962,
      "n": 105
    },
    "y_tpsa": {
      "rmse": 1.337593811872841,
      "r2": 0.46119461402376294,
      "n": 105
    },
    "y_pred_blend": {
      "rmse": 0.9851548799279298,
      "r2": 0.7077244729066519,
      "n": 105
    },
    "y_pred_stack": {
      "rmse": 0.9704183267672065,
      "r2": 0.7164031478032242,
      "n": 105
    }
  }
}