{
  "y_xgb": {
    "model": "XGBoost",
    "test_rmse": 0.8771366290082763,
    "test_r2": 0.7479488819041826,
    "train_rmse": 1.123280015487399,
    "train_r2": 0.6094620634971297,
    "accuracy": 0.8670788253477589,
    "specificity": 0.28421052631578947,
    "precision": 0.8870431893687708,
    "recall": 0.967391304347826,
    "f1": 0.925476603119584,
    "mcc": 0.35005850662057725,
    "roc_auc": 0.9271357742181541,
    "pr_auc": 0.9876189097086199,
    "scope": "Global"
  },
  "y_lgbm": {
    "model": "LightGBM",
    "test_rmse": 0.9277189752913348,
    "test_r2": 0.71804031759751,
    "train_rmse": 1.083110123958932,
    "train_r2": 0.6368948630079184,
    "accuracy": 0.8778979907264297,
    "specificity": 0.4421052631578947,
    "precision": 0.9084628670120898,
    "recall": 0.9528985507246377,
    "f1": 0.9301503094606542,
    "mcc": 0.45586777384075516,
    "roc_auc": 0.9250953470633104,
    "pr_auc": 0.9871546549549512,
    "scope": "Global"
  },
  "y_chemprop": {
    "model": "Chemprop",
    "test_rmse": 1.1818777016087867,
    "test_r2": 0.5423860961381146,
    "train_rmse": 1.1980031712723924,
    "train_r2": 0.5557748957411146,
    "accuracy": 0.8408037094281299,
    "specificity": 0.47368421052631576,
    "precision": 0.9089253187613844,
    "recall": 0.9039855072463768,
    "f1": 0.9064486830154405,
    "mcc": 0.3728587121221469,
    "roc_auc": 0.8315026697177726,
    "pr_auc": 0.9682798278411271,
    "scope": "Global"
  },
  "y_tpsa": {
    "model": "Baseline",
    "test_rmse": 1.101378998766294,
    "test_r2": 0.6026001347129737,
    "train_rmse": 1.304234799776395,
    "train_r2": 0.47349956972012974,
    "accuracy": 0.8686244204018547,
    "specificity": 0.23157894736842105,
    "precision": 0.8809135399673735,
    "recall": 0.9782608695652174,
    "f1": 0.9270386266094421,
    "mcc": 0.33285075349499493,
    "roc_auc": 0.9147597254004577,
    "pr_auc": 0.9850808619794056,
    "scope": "Global"
  },
  "y_pred_blend": {
    "model": "Blend",
    "test_rmse": 0.8935874156011523,
    "test_r2": 0.7384057333006916,
    "train_rmse": 1.042210769222532,
    "train_r2": 0.6637995615602983,
    "accuracy": 0.8809891808346213,
    "specificity": 0.35789473684210527,
    "precision": 0.897822445561139,
    "recall": 0.9710144927536232,
    "f1": 0.9329852045256743,
    "mcc": 0.43594854674907907,
    "roc_auc": 0.9380816170861938,
    "pr_auc": 0.9895822025518263,
    "scope": "Global"
  },
  "y_pred_stack": {
    "model": "Stack",
    "test_rmse": 0.8940980947164381,
    "test_r2": 0.7381066491832474,
    "train_rmse": 1.0436877497961663,
    "train_r2": 0.6628459859785969,
    "accuracy": 0.8763523956723338,
    "specificity": 0.37894736842105264,
    "precision": 0.9,
    "recall": 0.9619565217391305,
    "f1": 0.9299474605954466,
    "mcc": 0.42569628972443485,
    "roc_auc": 0.9234935163996948,
    "pr_auc": 0.9871625745221168,
    "scope": "Global"
  },
  "physio_range": {
    "y_xgb": {
      "model": "XGBoost",
      "test_rmse": 0.8931063020621333,
      "test_r2": 0.717743829531835,
      "train_rmse": 1.123280015487399,
      "train_r2": 0.6094620634971297,
      "accuracy": 0.8785046728971962,
      "specificity": 0.3125,
      "precision": 0.89,
      "recall": 0.978021978021978,
      "f1": 0.9319371727748691,
      "mcc": 0.4189967553629856,
      "roc_auc": 0.9347527472527473,
      "pr_auc": 0.9887876329661409,
      "scope": "Physio"
    },
    "y_lgbm": {
      "model": "LightGBM",
      "test_rmse": 0.9408134463431658,
      "test_r2": 0.6867838343056403,
      "train_rmse": 1.083110123958932,
      "train_r2": 0.6368948630079184,
      "accuracy": 0.897196261682243,
      "specificity": 0.5,
      "precision": 0.9166666666666666,
      "recall": 0.967032967032967,
      "f1": 0.9411764705882353,
      "mcc": 0.548398509973291,
      "roc_auc": 0.9491758241758241,
      "pr_auc": 0.9912434499856047,
      "scope": "Physio"
    },
    "y_chemprop": {
      "model": "Chemprop",
      "test_rmse": 1.1728282494146003,
      "test_r2": 0.513249985332666,
      "train_rmse": 1.1980031712723924,
      "train_r2": 0.5557748957411146,
      "accuracy": 0.8411214953271028,
      "specificity": 0.5,
      "precision": 0.9111111111111111,
      "recall": 0.9010989010989011,
      "f1": 0.9060773480662984,
      "mcc": 0.3912789138112429,
      "roc_auc": 0.8406593406593407,
      "pr_auc": 0.9688329863352714,
      "scope": "Physio"
    },
    "y_tpsa": {
      "model": "Baseline",
      "test_rmse": 1.100408689990102,
      "test_r2": 0.5715055907609149,
      "train_rmse": 1.304234799776395,
      "train_r2": 0.47349956972012974,
      "accuracy": 0.8598130841121495,
      "specificity": 0.1875,
      "precision": 0.8725490196078431,
      "recall": 0.978021978021978,
      "f1": 0.9222797927461139,
      "mcc": 0.2796734675256784,
      "roc_auc": 0.8901098901098901,
      "pr_auc": 0.9800285147669839,
      "scope": "Physio"
    },
    "y_pred_blend": {
      "model": "Blend",
      "test_rmse": 0.9075187238021271,
      "test_r2": 0.7085605589458404,
      "train_rmse": 1.042210769222532,
      "train_r2": 0.6637995615602983,
      "accuracy": 0.8691588785046729,
      "specificity": 0.3125,
      "precision": 0.8888888888888888,
      "recall": 0.967032967032967,
      "f1": 0.9263157894736841,
      "mcc": 0.3790104033352988,
      "roc_auc": 0.9498626373626373,
      "pr_auc": 0.9916099654183826,
      "scope": "Physio"
    },
    "y_pred_stack": {
      "model": "Stack",
      "test_rmse": 0.9068118223697353,
      "test_r2": 0.7090144090204848,
      "train_rmse": 1.0436877497961663,
      "train_r2": 0.6628459859785969,
      "accuracy": 0.8691588785046729,
      "specificity": 0.3125,
      "precision": 0.8888888888888888,
      "recall": 0.967032967032967,
      "f1": 0.9263157894736841,
      "mcc": 0.3790104033352988,
      "roc_auc": 0.9326923076923077,
      "pr_auc": 0.9888065814033318,
      "scope": "Physio"
    }
  }
}