{
  "lgbm": 0.41609035125995536,
  "xgb": 0.09433777862068334,
  "gnn": 0.3098639384633646,
  "tpsa": 0.17970793165599683
}