{
  "lgbm": 0.4075412278232998,
  "xgb": 0.023094228742252667,
  "gnn": 0.33514002762404416,
  "tpsa": 0.23422451581040327
}