{
  "y_xgb": {
    "model": "XGBoost",
    "test_rmse": 1.0427530646817567,
    "test_r2": 0.6833358894402612,
    "train_rmse": 1.13273903132541,
    "train_r2": 0.5899309429363664,
    "accuracy": 0.8519685039370078,
    "specificity": 0.2755102040816326,
    "precision": 0.8786324786324786,
    "recall": 0.957169459962756,
    "f1": 0.9162210338680926,
    "mcc": 0.3121013689272683,
    "roc_auc": 0.9108425493102269,
    "pr_auc": 0.9840024866446958,
    "scope": "Global"
  },
  "y_lgbm": {
    "model": "LightGBM",
    "test_rmse": 1.024688619465079,
    "test_r2": 0.6942125053355825,
    "train_rmse": 1.0975473638358673,
    "train_r2": 0.615014998226954,
    "accuracy": 0.8519685039370078,
    "specificity": 0.35714285714285715,
    "precision": 0.8892794376098418,
    "recall": 0.9422718808193669,
    "f1": 0.9150090415913201,
    "mcc": 0.3544420611096768,
    "roc_auc": 0.9054649792878046,
    "pr_auc": 0.9828818485380146,
    "scope": "Global"
  },
  "y_chemprop": {
    "model": "Chemprop",
    "test_rmse": 1.1146549551164127,
    "test_r2": 0.6381598147371792,
    "train_rmse": 1.237534444666644,
    "train_r2": 0.5105460249737663,
    "accuracy": 0.8708661417322835,
    "specificity": 0.41836734693877553,
    "precision": 0.8998242530755711,
    "recall": 0.9534450651769087,
    "f1": 0.9258589511754068,
    "mcc": 0.44014519323050366,
    "roc_auc": 0.866624862235397,
    "pr_auc": 0.9729003939567035,
    "scope": "Global"
  },
  "y_tpsa": {
    "model": "Baseline",
    "test_rmse": 1.2002876174146901,
    "test_r2": 0.5804279529442324,
    "train_rmse": 1.2763054125097097,
    "train_r2": 0.4793972107260279,
    "accuracy": 0.8299212598425196,
    "specificity": 0.23469387755102042,
    "precision": 0.8704663212435233,
    "recall": 0.9385474860335196,
    "f1": 0.9032258064516129,
    "mcc": 0.2207082050194315,
    "roc_auc": 0.9071181545243796,
    "pr_auc": 0.9838467614399956,
    "scope": "Global"
  },
  "y_pred_blend": {
    "model": "Blend",
    "test_rmse": 1.003890128733741,
    "test_r2": 0.7064998937675372,
    "train_rmse": 1.051264605527986,
    "train_r2": 0.6467994640345761,
    "accuracy": 0.8661417322834646,
    "specificity": 0.3163265306122449,
    "precision": 0.8856655290102389,
    "recall": 0.9664804469273743,
    "f1": 0.9243098842386465,
    "mcc": 0.3828630485002177,
    "roc_auc": 0.9185573670809106,
    "pr_auc": 0.9854197421386496,
    "scope": "Global"
  },
  "y_pred_stack": {
    "model": "Stack",
    "test_rmse": 0.9620690957831087,
    "test_r2": 0.730444359793796,
    "train_rmse": 1.0520535194905787,
    "train_r2": 0.6462691515205649,
    "accuracy": 0.8614173228346457,
    "specificity": 0.30612244897959184,
    "precision": 0.8837606837606837,
    "recall": 0.962756052141527,
    "f1": 0.9215686274509804,
    "mcc": 0.36065613477507935,
    "roc_auc": 0.9240869532170409,
    "pr_auc": 0.9865579864791483,
    "scope": "Global"
  },
  "physio_range": {
    "y_xgb": {
      "model": "XGBoost",
      "test_rmse": 1.0731121099644187,
      "test_r2": 0.6391850216105623,
      "train_rmse": 1.13273903132541,
      "train_r2": 0.5899309429363664,
      "accuracy": 0.8431372549019608,
      "specificity": 0.2,
      "precision": 0.8736842105263158,
      "recall": 0.9540229885057471,
      "f1": 0.9120879120879121,
      "mcc": 0.21576449389681596,
      "roc_auc": 0.8919540229885057,
      "pr_auc": 0.9815026663954485,
      "scope": "Physio"
    },
    "y_lgbm": {
      "model": "LightGBM",
      "test_rmse": 1.0574693371220827,
      "test_r2": 0.6496275639752512,
      "train_rmse": 1.0975473638358673,
      "train_r2": 0.615014998226954,
      "accuracy": 0.8333333333333334,
      "specificity": 0.3333333333333333,
      "precision": 0.8888888888888888,
      "recall": 0.9195402298850575,
      "f1": 0.903954802259887,
      "mcc": 0.2779692826455979,
      "roc_auc": 0.8835249042145594,
      "pr_auc": 0.97991390280355,
      "scope": "Physio"
    },
    "y_chemprop": {
      "model": "Chemprop",
      "test_rmse": 1.168624882569222,
      "test_r2": 0.5720976963765647,
      "train_rmse": 1.237534444666644,
      "train_r2": 0.5105460249737663,
      "accuracy": 0.8529411764705882,
      "specificity": 0.3333333333333333,
      "precision": 0.8913043478260869,
      "recall": 0.9425287356321839,
      "f1": 0.9162011173184358,
      "mcc": 0.3285514069160361,
      "roc_auc": 0.8199233716475096,
      "pr_auc": 0.9647719175654809,
      "scope": "Physio"
    },
    "y_tpsa": {
      "model": "Baseline",
      "test_rmse": 1.2417279317505812,
      "test_r2": 0.5168886208203152,
      "train_rmse": 1.2763054125097097,
      "train_r2": 0.4793972107260279,
      "accuracy": 0.8137254901960784,
      "specificity": 0.2,
      "precision": 0.8695652173913043,
      "recall": 0.9195402298850575,
      "f1": 0.8938547486033519,
      "mcc": 0.14237227633028232,
      "roc_auc": 0.8796934865900383,
      "pr_auc": 0.9801133410425571,
      "scope": "Physio"
    },
    "y_pred_blend": {
      "model": "Blend",
      "test_rmse": 1.047397173282365,
      "test_r2": 0.6562702191149263,
      "train_rmse": 1.051264605527986,
      "train_r2": 0.6467994640345761,
      "accuracy": 0.8529411764705882,
      "specificity": 0.26666666666666666,
      "precision": 0.8829787234042553,
      "recall": 0.9540229885057471,
      "f1": 0.9171270718232043,
      "mcc": 0.29072227710730447,
      "roc_auc": 0.8934865900383142,
      "pr_auc": 0.981787253740586,
      "scope": "Physio"
    },
    "y_pred_stack": {
      "model": "Stack",
      "test_rmse": 1.01584064590016,
      "test_r2": 0.6766703456664889,
      "train_rmse": 1.0520535194905787,
      "train_r2": 0.6462691515205649,
      "accuracy": 0.8431372549019608,
      "specificity": 0.2,
      "precision": 0.8736842105263158,
      "recall": 0.9540229885057471,
      "f1": 0.9120879120879121,
      "mcc": 0.21576449389681596,
      "roc_auc": 0.89272030651341,
      "pr_auc": 0.9820208331951515,
      "scope": "Physio"
    }
  }
}