{
  "xgb": {
    "rmse": 1.112610722886697,
    "r2": 0.6195311625716567
  },
  "lgbm": {
    "rmse": 1.0825225551409579,
    "r2": 0.6398308450262407
  }
}