{
  "rmse": 1.27432769078037,
  "r2": 0.5008916338893414
}