{
  "lgbm": 0.265561988244864,
  "xgb": 0.35986685670437324,
  "gnn": 0.03543168440074355,
  "tpsa": 0.3391394706500192
}