{
  "lgbm": 0.38852771683813964,
  "xgb": 0.30947350151572595,
  "gnn": 0.11018624147589268,
  "tpsa": 0.1918125401702418
}