{
  "y_xgb": {
    "rmse": 0.9248548974926496,
    "r2": 0.7422824352955291,
    "n": 631
  },
  "y_lgbm": {
    "rmse": 0.8855205314486045,
    "r2": 0.7637378848682961,
    "n": 631
  },
  "y_chemprop": {
    "rmse": 1.1389991875492111,
    "r2": 0.6091198231824072,
    "n": 631
  },
  "y_tpsa": {
    "rmse": 1.2511215710703203,
    "r2": 0.5283760606791923,
    "n": 631
  },
  "y_pred_blend": {
    "rmse": 0.9320020026304908,
    "r2": 0.7382838586581115,
    "n": 631
  },
  "y_pred_stack": {
    "rmse": 0.925784298484218,
    "r2": 0.7417642063041612,
    "n": 631
  },
  "physio_range": {
    "y_xgb": {
      "rmse": 0.9603365066405531,
      "r2": 0.7136104648741862,
      "n": 104
    },
    "y_lgbm": {
      "rmse": 0.9264386725666617,
      "r2": 0.7334715224856447,
      "n": 104
    },
    "y_chemprop": {
      "rmse": 1.1225292990673128,
      "r2": 0.6087037932270033,
      "n": 104
    },
    "y_tpsa": {
      "rmse": 1.2898370712643163,
      "r2": 0.483369577111317,
      "n": 104
    },
    "y_pred_blend": {
      "rmse": 0.9734869220996928,
      "r2": 0.705713384495777,
      "n": 104
    },
    "y_pred_stack": {
      "rmse": 0.962579505572,
      "r2": 0.712271097703338,
      "n": 104
    }
  }
}