{
  "lr": 0.20165187357816625,
  "leaves": 71,
  "subsample": 0.7129583785134574,
  "colsample": 0.9401354582594071,
  "alpha": 0.12498493109654994,
  "lambda": 1.1940519564423462,
  "min_child": 90
}