{
  "lr": 0.24045484578803478,
  "leaves": 89,
  "subsample": 0.9108281341234529,
  "colsample": 0.7676073622463552,
  "alpha": 0.0016756806361952112,
  "lambda": 0.002851534296445459,
  "min_child": 77
}