{
  "lr": 0.21080014081552853,
  "leaves": 46,
  "subsample": 0.6286113139231525,
  "colsample": 0.6854213559329384,
  "alpha": 0.002977025143969247,
  "lambda": 0.14132008629132223,
  "min_child": 94
}