{
  "lr": 0.1196546762503188,
  "leaves": 27,
  "subsample": 0.7879370680180419,
  "colsample": 0.7550136368871094,
  "alpha": 0.007867618659187853,
  "lambda": 0.00708630107209884,
  "min_child": 69
}