{
  "lr": 0.1406791202931416,
  "leaves": 127,
  "subsample": 0.8332935502134154,
  "colsample": 0.6340167427456403,
  "alpha": 0.002682448234488534,
  "lambda": 0.07271648109001104,
  "min_child": 64
}