{
  "lr": 0.05787690775332961,
  "depth": 3,
  "subsample": 0.9454765529554403,
  "colsample": 0.9807797910207408,
  "alpha": 0.4043215754103031,
  "lambda": 0.001947321223527822,
  "min_child": 18
}