{
  "lr": 0.1013464856320147,
  "depth": 6,
  "subsample": 0.9957752458843511,
  "colsample": 0.8377365695905525,
  "alpha": 0.0025346115420558923,
  "lambda": 0.040619822435850085,
  "min_child": 10
}