{
  "lr": 0.12898929579901178,
  "depth": 5,
  "subsample": 0.6645107183252242,
  "colsample": 0.615513292159056,
  "alpha": 1.0926548879845295,
  "lambda": 0.018495751346058496,
  "min_child": 14
}