{
  "lr": 0.12068334300148284,
  "depth": 5,
  "subsample": 0.8592209669891935,
  "colsample": 0.936439264824944,
  "alpha": 0.34401935769488867,
  "lambda": 0.3930461135730074,
  "min_child": 8
}