{
  "lr": 0.20331899946569076,
  "depth": 5,
  "subsample": 0.8302085759733765,
  "colsample": 0.8459029317984976,
  "alpha": 0.27234803729746027,
  "lambda": 0.003321635645694364,
  "min_child": 17
}