{
  "xgb": {
    "rmse": 1.058586998093925,
    "r2": 0.6515873567204613
  },
  "lgbm": {
    "rmse": 1.0487300675490274,
    "r2": 0.658045569890171
  }
}