{
  "rmse": 1.186190488857619,
  "r2": 0.5546173925079119,
  "n": 2400
}