{
  "xgb": {
    "rmse": 1.0053388057695927,
    "r2": 0.6546926012628507
  },
  "lgbm": {
    "rmse": 1.0580713949951237,
    "r2": 0.6175180563852565
  }
}