{
  "rmse": 1.4212609984464168,
  "r2": 0.387769793738201,
  "n": 2935
}