{
  "rmse": 1.3486354453887024,
  "r2": 0.5051902477355358,
  "n": 255
}