{
  "y_xgb": {
    "model": "XGBoost",
    "test_rmse": 1.0260305990497307,
    "test_r2": 0.6608210652693636,
    "train_rmse": 1.058586998093925,
    "train_r2": 0.6515873567204613,
    "accuracy": 0.8836140888208269,
    "specificity": 0.42857142857142855,
    "precision": 0.8855218855218855,
    "recall": 0.9850187265917603,
    "f1": 0.9326241134751774,
    "mcc": 0.5569228968127633,
    "roc_auc": 0.9323639568186826,
    "pr_auc": 0.9842698946219741,
    "scope": "Global"
  },
  "y_lgbm": {
    "model": "LightGBM",
    "test_rmse": 1.0687449572473442,
    "test_r2": 0.6319927256983581,
    "train_rmse": 1.0487300675490274,
    "train_r2": 0.658045569890171,
    "accuracy": 0.877488514548239,
    "specificity": 0.4369747899159664,
    "precision": 0.8860544217687075,
    "recall": 0.9756554307116105,
    "f1": 0.9286987522281639,
    "mcc": 0.5320590074577691,
    "roc_auc": 0.9318289113398168,
    "pr_auc": 0.9842842991220343,
    "scope": "Global"
  },
  "y_chemprop": {
    "model": "Chemprop",
    "test_rmse": 1.1867197194094803,
    "test_r2": 0.5462626145913378,
    "train_rmse": 1.168638642015987,
    "train_r2": 0.5753791842150843,
    "accuracy": 0.8943338437978561,
    "specificity": 0.5378151260504201,
    "precision": 0.9043478260869565,
    "recall": 0.9737827715355806,
    "f1": 0.9377817853922452,
    "mcc": 0.6089640242602801,
    "roc_auc": 0.8942262298177698,
    "pr_auc": 0.9728554003780339,
    "scope": "Global"
  },
  "y_tpsa": {
    "model": "Baseline",
    "test_rmse": 1.21385630187734,
    "test_r2": 0.5252742373060721,
    "train_rmse": 1.2733090083939833,
    "train_r2": 0.4959096094577774,
    "accuracy": 0.8116385911179173,
    "specificity": 0.09243697478991597,
    "precision": 0.8277511961722488,
    "recall": 0.9719101123595506,
    "f1": 0.8940568475452196,
    "mcc": 0.1270435313145193,
    "roc_auc": 0.9201680672268908,
    "pr_auc": 0.9830905782090219,
    "scope": "Global"
  },
  "y_pred_blend": {
    "model": "Blend",
    "test_rmse": 1.0155324747580006,
    "test_r2": 0.6677263685637014,
    "train_rmse": 1.0115361781616736,
    "train_r2": 0.6818707250606058,
    "accuracy": 0.877488514548239,
    "specificity": 0.4117647058823529,
    "precision": 0.8821548821548821,
    "recall": 0.9812734082397003,
    "f1": 0.9290780141843971,
    "mcc": 0.5292483932271355,
    "roc_auc": 0.937871777924653,
    "pr_auc": 0.9859078152375929,
    "scope": "Global"
  },
  "y_pred_stack": {
    "model": "Stack",
    "test_rmse": 1.0017400862599866,
    "test_r2": 0.6766905844911889,
    "train_rmse": 1.0125775708058853,
    "train_r2": 0.6812153495396658,
    "accuracy": 0.885145482388974,
    "specificity": 0.44537815126050423,
    "precision": 0.8883248730964467,
    "recall": 0.9831460674157303,
    "f1": 0.9333333333333333,
    "mcc": 0.5643257868082958,
    "roc_auc": 0.9367072671765336,
    "pr_auc": 0.9855715292636696,
    "scope": "Global"
  },
  "physio_range": {
    "y_xgb": {
      "model": "XGBoost",
      "test_rmse": 1.0117193848815864,
      "test_r2": 0.6649669815025905,
      "train_rmse": 1.058586998093925,
      "train_r2": 0.6515873567204613,
      "accuracy": 0.8727272727272727,
      "specificity": 0.36363636363636365,
      "precision": 0.8627450980392157,
      "recall": 1.0,
      "f1": 0.9263157894736842,
      "mcc": 0.560112033611204,
      "roc_auc": 0.9328512396694215,
      "pr_auc": 0.9830941040779306,
      "scope": "Physio"
    },
    "y_lgbm": {
      "model": "LightGBM",
      "test_rmse": 1.0597872787006,
      "test_r2": 0.6323751403204656,
      "train_rmse": 1.0487300675490274,
      "train_r2": 0.658045569890171,
      "accuracy": 0.8727272727272727,
      "specificity": 0.4090909090909091,
      "precision": 0.87,
      "recall": 0.9886363636363636,
      "f1": 0.925531914893617,
      "mcc": 0.5533985905294664,
      "roc_auc": 0.9297520661157025,
      "pr_auc": 0.9818670800091397,
      "scope": "Physio"
    },
    "y_chemprop": {
      "model": "Chemprop",
      "test_rmse": 1.200969599790547,
      "test_r2": 0.5279027224388533,
      "train_rmse": 1.168638642015987,
      "train_r2": 0.5753791842150843,
      "accuracy": 0.8818181818181818,
      "specificity": 0.5,
      "precision": 0.8865979381443299,
      "recall": 0.9772727272727273,
      "f1": 0.9297297297297297,
      "mcc": 0.59137335288796,
      "roc_auc": 0.8775826446280991,
      "pr_auc": 0.9643531640235972,
      "scope": "Physio"
    },
    "y_tpsa": {
      "model": "Baseline",
      "test_rmse": 1.2499618436025564,
      "test_r2": 0.4885996989103524,
      "train_rmse": 1.2733090083939833,
      "train_r2": 0.4959096094577774,
      "accuracy": 0.7909090909090909,
      "specificity": 0.09090909090909091,
      "precision": 0.8095238095238095,
      "recall": 0.9659090909090909,
      "f1": 0.8808290155440414,
      "mcc": 0.1091089451179962,
      "roc_auc": 0.9008264462809918,
      "pr_auc": 0.9767346559426648,
      "scope": "Physio"
    },
    "y_pred_blend": {
      "model": "Blend",
      "test_rmse": 1.0125847757844826,
      "test_r2": 0.6643935843119124,
      "train_rmse": 1.0115361781616736,
      "train_r2": 0.6818707250606058,
      "accuracy": 0.8727272727272727,
      "specificity": 0.4090909090909091,
      "precision": 0.87,
      "recall": 0.9886363636363636,
      "f1": 0.925531914893617,
      "mcc": 0.5533985905294664,
      "roc_auc": 0.933884297520661,
      "pr_auc": 0.9834414882571267,
      "scope": "Physio"
    },
    "y_pred_stack": {
      "model": "Stack",
      "test_rmse": 1.00628354176985,
      "test_r2": 0.6685574917703649,
      "train_rmse": 1.0125775708058853,
      "train_r2": 0.6812153495396658,
      "accuracy": 0.8818181818181818,
      "specificity": 0.45454545454545453,
      "precision": 0.8787878787878788,
      "recall": 0.9886363636363636,
      "f1": 0.9304812834224598,
      "mcc": 0.5909090909090909,
      "roc_auc": 0.9307851239669421,
      "pr_auc": 0.9825664025219455,
      "scope": "Physio"
    }
  }
}