{
  "y_xgb": {
    "model": "XGBoost",
    "test_rmse": 1.1609133800360825,
    "test_r2": 0.6767157554722535,
    "train_rmse": 1.0053388057695927,
    "train_r2": 0.6546926012628507,
    "accuracy": 0.9071207430340558,
    "specificity": 0.626984126984127,
    "precision": 0.9151624548736462,
    "recall": 0.975,
    "f1": 0.9441340782122906,
    "mcc": 0.6825322680874611,
    "roc_auc": 0.9464285714285715,
    "pr_auc": 0.9865228912216268,
    "scope": "Global"
  },
  "y_lgbm": {
    "model": "LightGBM",
    "test_rmse": 1.1652839511023907,
    "test_r2": 0.6742769922016143,
    "train_rmse": 1.0580713949951237,
    "train_r2": 0.6175180563852565,
    "accuracy": 0.8885448916408669,
    "specificity": 0.5396825396825397,
    "precision": 0.8971631205673759,
    "recall": 0.9730769230769231,
    "f1": 0.933579335793358,
    "mcc": 0.6103151490744946,
    "roc_auc": 0.9396672771672773,
    "pr_auc": 0.984934328280314,
    "scope": "Global"
  },
  "y_chemprop": {
    "model": "Chemprop",
    "test_rmse": 1.2818419754476007,
    "test_r2": 0.6058569398743575,
    "train_rmse": 1.2345506934841939,
    "train_r2": 0.479286489155884,
    "accuracy": 0.8777089783281734,
    "specificity": 0.48412698412698413,
    "precision": 0.8861646234676007,
    "recall": 0.9730769230769231,
    "f1": 0.927589367552704,
    "mcc": 0.5655202904675808,
    "roc_auc": 0.9105921855921857,
    "pr_auc": 0.9759366476758757,
    "scope": "Global"
  },
  "y_tpsa": {
    "model": "Baseline",
    "test_rmse": 1.417428287934351,
    "test_r2": 0.5180665200345724,
    "train_rmse": 1.231036793053949,
    "train_r2": 0.48224648335029285,
    "accuracy": 0.7739938080495357,
    "specificity": 0.023809523809523808,
    "precision": 0.8016129032258065,
    "recall": 0.9557692307692308,
    "f1": 0.8719298245614036,
    "mcc": -0.041170548247854696,
    "roc_auc": 0.8981532356532358,
    "pr_auc": 0.9781083616183363,
    "scope": "Global"
  },
  "y_pred_blend": {
    "model": "Blend",
    "test_rmse": 1.1605151716499837,
    "test_r2": 0.6769374988351515,
    "train_rmse": 0.9842643424921946,
    "train_r2": 0.6690179094254948,
    "accuracy": 0.8900928792569659,
    "specificity": 0.46825396825396826,
    "precision": 0.8850771869639794,
    "recall": 0.9923076923076923,
    "f1": 0.9356300997280145,
    "mcc": 0.6151346265322596,
    "roc_auc": 0.9475274725274725,
    "pr_auc": 0.9871996053062222,
    "scope": "Global"
  },
  "y_pred_stack": {
    "model": "Stack",
    "test_rmse": 1.1398362790169518,
    "test_r2": 0.6883480435620692,
    "train_rmse": 0.9902678963756277,
    "train_r2": 0.6649679223922755,
    "accuracy": 0.8777089783281734,
    "specificity": 0.4126984126984127,
    "precision": 0.8743633276740238,
    "recall": 0.9903846153846154,
    "f1": 0.9287646528403969,
    "mcc": 0.5631011076222795,
    "roc_auc": 0.9493894993894993,
    "pr_auc": 0.9876884561943466,
    "scope": "Global"
  },
  "physio_range": {
    "y_xgb": {
      "model": "XGBoost",
      "test_rmse": 1.160527443531876,
      "test_r2": 0.6758622000199526,
      "train_rmse": 1.0053388057695927,
      "train_r2": 0.6546926012628507,
      "accuracy": 0.9223300970873787,
      "specificity": 0.6666666666666666,
      "precision": 0.9204545454545454,
      "recall": 0.9878048780487805,
      "f1": 0.9529411764705882,
      "mcc": 0.7475158004280766,
      "roc_auc": 0.9535423925667827,
      "pr_auc": 0.9874519644112874,
      "scope": "Physio"
    },
    "y_lgbm": {
      "model": "LightGBM",
      "test_rmse": 1.1771325578011134,
      "test_r2": 0.6665201526562047,
      "train_rmse": 1.0580713949951237,
      "train_r2": 0.6175180563852565,
      "accuracy": 0.883495145631068,
      "specificity": 0.5714285714285714,
      "precision": 0.8977272727272727,
      "recall": 0.9634146341463414,
      "f1": 0.9294117647058824,
      "mcc": 0.6108802592673102,
      "roc_auc": 0.9425087108013938,
      "pr_auc": 0.9849246004207142,
      "scope": "Physio"
    },
    "y_chemprop": {
      "model": "Chemprop",
      "test_rmse": 1.2725821507001216,
      "test_r2": 0.6102460678724493,
      "train_rmse": 1.2345506934841939,
      "train_r2": 0.479286489155884,
      "accuracy": 0.8737864077669902,
      "specificity": 0.47619047619047616,
      "precision": 0.8791208791208791,
      "recall": 0.975609756097561,
      "f1": 0.9248554913294798,
      "mcc": 0.5673508426726832,
      "roc_auc": 0.9123112659698026,
      "pr_auc": 0.9772506067324933,
      "scope": "Physio"
    },
    "y_tpsa": {
      "model": "Baseline",
      "test_rmse": 1.4373430355909633,
      "test_r2": 0.5027901674969971,
      "train_rmse": 1.231036793053949,
      "train_r2": 0.48224648335029285,
      "accuracy": 0.7572815533980582,
      "specificity": 0.0,
      "precision": 0.7878787878787878,
      "recall": 0.9512195121951219,
      "f1": 0.861878453038674,
      "mcc": -0.10172205366111489,
      "roc_auc": 0.8899535423925669,
      "pr_auc": 0.9754614688612049,
      "scope": "Physio"
    },
    "y_pred_blend": {
      "model": "Blend",
      "test_rmse": 1.1649067024040705,
      "test_r2": 0.6734113117454444,
      "train_rmse": 0.9842643424921946,
      "train_r2": 0.6690179094254948,
      "accuracy": 0.883495145631068,
      "specificity": 0.42857142857142855,
      "precision": 0.8723404255319149,
      "recall": 1.0,
      "f1": 0.9318181818181819,
      "mcc": 0.6114410702355711,
      "roc_auc": 0.9552845528455285,
      "pr_auc": 0.9881413897364575,
      "scope": "Physio"
    },
    "y_pred_stack": {
      "model": "Stack",
      "test_rmse": 1.145353649633771,
      "test_r2": 0.6842829338416974,
      "train_rmse": 0.9902678963756277,
      "train_r2": 0.6649679223922755,
      "accuracy": 0.8640776699029126,
      "specificity": 0.3333333333333333,
      "precision": 0.8541666666666666,
      "recall": 1.0,
      "f1": 0.9213483146067416,
      "mcc": 0.5335936864527374,
      "roc_auc": 0.9610917537746806,
      "pr_auc": 0.989859421876427,
      "scope": "Physio"
    }
  }
}