{
  "lgbm": 0.3080052232543738,
  "xgb": 0.20497911360458146,
  "gnn": 0.21831368343655053,
  "tpsa": 0.26870197970449433
}