{
  "lgbm": 0.5187463059757146,
  "xgb": 0.07880817805281091,
  "gnn": 0.1648705921507,
  "tpsa": 0.23757492382077458
}