{
  "xgb": {
    "rmse": 1.1962521879637282,
    "r2": 0.5635091938885146
  },
  "lgbm": {
    "rmse": 1.177815834594642,
    "r2": 0.5768597019165842
  }
}