{
  "labels": [
    "lgbm",
    "xgb",
    "gnn",
    "tpsa"
  ],
  "base_oof": {
    "lgbm": {
      "rmse": 1.1306238853936574,
      "r2": 0.652235358877016
    },
    "xgb": {
      "rmse": 1.1047991761053786,
      "r2": 0.6679405880944391
    },
    "gnn": {
      "rmse": 1.1206890845072486,
      "r2": 0.6583201286653603
    },
    "tpsa": {
      "rmse": 1.3486354453887024,
      "r2": 0.5051902477355358
    }
  },
  "stack": {
    "alpha_full": 100.0,
    "oof_rmse": 1.063557247693993,
    "oof_r2": 0.6922692792937184
  },
  "blend": {
    "weights_full": {
      "lgbm": 0.0,
      "xgb": 0.5598305355318924,
      "gnn": 0.34782958141048764,
      "tpsa": 0.09233988305761993
    },
    "oof_rmse": 1.1013564320358151,
    "oof_r2": 0.6700068719926355
  },
  "selection": {
    "metric": "rmse",
    "better": "stack",
    "stack_score": 1.063557247693993,
    "blend_score": 1.1013564320358151
  },
  "n_models": 4,
  "has_folds": true,
  "mode": "C",
  "dup_counts_by_model": {
    "lgbm": 0,
    "xgb": 0,
    "gnn": 0,
    "tpsa": 0
  },
  "n_rows_raw_sum": 1938,
  "n_pairs_unique_after_merge": 255
}