{
  "rmse": 1.2679892122997418,
  "r2": 0.49107299527978976
}