{
  "lr": 0.1850476861816574,
  "leaves": 41,
  "subsample": 0.8941576770634239,
  "colsample": 0.789997006981889,
  "alpha": 0.09393853897810314,
  "lambda": 0.004887765860234695,
  "min_child": 79
}