{
  "lr": 0.2874957959521225,
  "leaves": 112,
  "subsample": 0.9518605933676841,
  "colsample": 0.9852715210072059,
  "alpha": 0.006152690996582838,
  "lambda": 2.5580937211356054,
  "min_child": 96
}