{
  "lr": 0.0855829368524694,
  "leaves": 90,
  "subsample": 0.7838784738280243,
  "colsample": 0.8978001536416114,
  "alpha": 0.0056656537740811365,
  "lambda": 0.4209945257804822,
  "min_child": 91
}