{
  "lr": 0.08972337430704103,
  "leaves": 108,
  "subsample": 0.7859004400910977,
  "colsample": 0.6076204180721657,
  "alpha": 0.004167133690990577,
  "lambda": 3.96569955328401,
  "min_child": 84
}