{
  "lr": 0.05092231044369407,
  "leaves": 72,
  "subsample": 0.6902583194962819,
  "colsample": 0.7631005765687302,
  "alpha": 0.0013447110347505683,
  "lambda": 0.030284386285202976,
  "min_child": 100
}