{
  "lr": 0.06406520834172635,
  "depth": 7,
  "subsample": 0.7385470244893282,
  "colsample": 0.6825809138725472,
  "alpha": 0.30949427258827644,
  "lambda": 0.0030406621404644365,
  "min_child": 16
}