{
  "lr": 0.05375801768193888,
  "depth": 4,
  "subsample": 0.6044190449376015,
  "colsample": 0.8243834649916597,
  "alpha": 0.022223149019673497,
  "lambda": 0.02117381860171229,
  "min_child": 20
}