{
  "lr": 0.05827550228537525,
  "depth": 3,
  "subsample": 0.609099094101206,
  "colsample": 0.6012548247478557,
  "alpha": 0.057696011234082085,
  "lambda": 2.6517764676796602,
  "min_child": 17
}