{
  "lr": 0.09679354869078065,
  "depth": 5,
  "subsample": 0.7085411037774434,
  "colsample": 0.891034087739528,
  "alpha": 9.003148074430488,
  "lambda": 0.010871323200414972,
  "min_child": 9
}