{
  "lr": 0.08432707323074443,
  "depth": 3,
  "subsample": 0.8689272814123519,
  "colsample": 0.8863745351279682,
  "alpha": 0.03099806217188892,
  "lambda": 2.2055539696526245,
  "min_child": 15
}