{
  "y_xgb": {
    "model": "XGBoost",
    "test_rmse": 0.914271118082016,
    "test_r2": 0.7185923680265172,
    "train_rmse": 1.112610722886697,
    "train_r2": 0.6195311625716567,
    "accuracy": 0.8923076923076924,
    "specificity": 0.5471698113207547,
    "precision": 0.9157894736842105,
    "recall": 0.9595588235294118,
    "f1": 0.9371633752244165,
    "mcc": 0.5698301283947319,
    "roc_auc": 0.9086258324084352,
    "pr_auc": 0.9810561083672962,
    "scope": "Global"
  },
  "y_lgbm": {
    "model": "LightGBM",
    "test_rmse": 0.9397894642952412,
    "test_r2": 0.7026643287982308,
    "train_rmse": 1.0825225551409579,
    "train_r2": 0.6398308450262407,
    "accuracy": 0.8830769230769231,
    "specificity": 0.5471698113207547,
    "precision": 0.9148936170212766,
    "recall": 0.9485294117647058,
    "f1": 0.9314079422382672,
    "mcc": 0.5404827568366959,
    "roc_auc": 0.9148862375138734,
    "pr_auc": 0.9829814245079569,
    "scope": "Global"
  },
  "y_chemprop": {
    "model": "Chemprop",
    "test_rmse": 1.150061948185777,
    "test_r2": 0.5547249725789095,
    "train_rmse": 1.19680810002309,
    "train_r2": 0.5597679585147777,
    "accuracy": 0.8738461538461538,
    "specificity": 0.5,
    "precision": 0.9066901408450704,
    "recall": 0.9466911764705882,
    "f1": 0.9262589928057553,
    "mcc": 0.49702549022377535,
    "roc_auc": 0.8252982796892342,
    "pr_auc": 0.9613826428947709,
    "scope": "Global"
  },
  "y_tpsa": {
    "model": "Baseline",
    "test_rmse": 1.1961928033870455,
    "test_r2": 0.5182871395414914,
    "train_rmse": 1.27432769078037,
    "train_r2": 0.5008916338893414,
    "accuracy": 0.8338461538461538,
    "specificity": 0.11320754716981132,
    "precision": 0.8493589743589743,
    "recall": 0.9742647058823529,
    "f1": 0.9075342465753424,
    "mcc": 0.1649087601860178,
    "roc_auc": 0.8866190344062154,
    "pr_auc": 0.9765924880111343,
    "scope": "Global"
  },
  "y_pred_blend": {
    "model": "Blend",
    "test_rmse": 0.930877644938736,
    "test_r2": 0.7082767306026498,
    "train_rmse": 1.032975522984447,
    "train_r2": 0.6720461976706574,
    "accuracy": 0.8815384615384615,
    "specificity": 0.44339622641509435,
    "precision": 0.8991452991452992,
    "recall": 0.9669117647058824,
    "f1": 0.9317980513728964,
    "mcc": 0.5052749251950169,
    "roc_auc": 0.9188748612652607,
    "pr_auc": 0.9836876233048375,
    "scope": "Global"
  },
  "y_pred_stack": {
    "model": "Stack",
    "test_rmse": 0.9266363550722306,
    "test_r2": 0.7109289895370926,
    "train_rmse": 1.0385739671230987,
    "train_r2": 0.6684817251466112,
    "accuracy": 0.8769230769230769,
    "specificity": 0.4716981132075472,
    "precision": 0.9027777777777778,
    "recall": 0.9558823529411765,
    "f1": 0.9285714285714286,
    "mcc": 0.49732825907338774,
    "roc_auc": 0.9036660654827969,
    "pr_auc": 0.9802408244344936,
    "scope": "Global"
  },
  "physio_range": {
    "y_xgb": {
      "model": "XGBoost",
      "test_rmse": 0.9006831171191692,
      "test_r2": 0.7167798422579157,
      "train_rmse": 1.112610722886697,
      "train_r2": 0.6195311625716567,
      "accuracy": 0.9074074074074074,
      "specificity": 0.65,
      "precision": 0.9239130434782609,
      "recall": 0.9659090909090909,
      "f1": 0.9444444444444444,
      "mcc": 0.673471222950389,
      "roc_auc": 0.9142045454545455,
      "pr_auc": 0.9790412181479833,
      "scope": "Physio"
    },
    "y_lgbm": {
      "model": "LightGBM",
      "test_rmse": 0.9304143130603558,
      "test_r2": 0.6977732635590332,
      "train_rmse": 1.0825225551409579,
      "train_r2": 0.6398308450262407,
      "accuracy": 0.8888888888888888,
      "specificity": 0.6,
      "precision": 0.9130434782608695,
      "recall": 0.9545454545454546,
      "f1": 0.9333333333333332,
      "mcc": 0.6063726140217525,
      "roc_auc": 0.9187500000000001,
      "pr_auc": 0.9809915560563567,
      "scope": "Physio"
    },
    "y_chemprop": {
      "model": "Chemprop",
      "test_rmse": 1.151397645769147,
      "test_r2": 0.5371601008914684,
      "train_rmse": 1.19680810002309,
      "train_r2": 0.5597679585147777,
      "accuracy": 0.8703703703703703,
      "specificity": 0.5,
      "precision": 0.8936170212765957,
      "recall": 0.9545454545454546,
      "f1": 0.9230769230769231,
      "mcc": 0.5256609413448896,
      "roc_auc": 0.8306818181818182,
      "pr_auc": 0.9567770938046237,
      "scope": "Physio"
    },
    "y_tpsa": {
      "model": "Baseline",
      "test_rmse": 1.1804128671066192,
      "test_r2": 0.5135390475795116,
      "train_rmse": 1.27432769078037,
      "train_r2": 0.5008916338893414,
      "accuracy": 0.8055555555555556,
      "specificity": 0.1,
      "precision": 0.8252427184466019,
      "recall": 0.9659090909090909,
      "f1": 0.8900523560209423,
      "mcc": 0.12184228661145463,
      "roc_auc": 0.8767045454545453,
      "pr_auc": 0.971210543739847,
      "scope": "Physio"
    },
    "y_pred_blend": {
      "model": "Blend",
      "test_rmse": 0.9130231121922868,
      "test_r2": 0.7089660466486207,
      "train_rmse": 1.032975522984447,
      "train_r2": 0.6720461976706574,
      "accuracy": 0.8611111111111112,
      "specificity": 0.45,
      "precision": 0.8842105263157894,
      "recall": 0.9545454545454546,
      "f1": 0.9180327868852459,
      "mcc": 0.48293666749044034,
      "roc_auc": 0.922159090909091,
      "pr_auc": 0.9818839853077512,
      "scope": "Physio"
    },
    "y_pred_stack": {
      "model": "Stack",
      "test_rmse": 0.9143004052302376,
      "test_r2": 0.7081511808228071,
      "train_rmse": 1.0385739671230987,
      "train_r2": 0.6684817251466112,
      "accuracy": 0.8518518518518519,
      "specificity": 0.45,
      "precision": 0.8829787234042553,
      "recall": 0.9431818181818182,
      "f1": 0.9120879120879122,
      "mcc": 0.4546967142633295,
      "roc_auc": 0.9068181818181817,
      "pr_auc": 0.9778784771768433,
      "scope": "Physio"
    }
  }
}