{
  "rmse": 1.1814309816743191,
  "r2": 0.5659410043442572,
  "n": 2359
}