{
  "rmse": 1.237534444666644,
  "r2": 0.5105460249737663,
  "n": 2396
}