{
  "y_xgb": {
    "model": "XGBoost",
    "test_rmse": 1.0547111064965782,
    "test_r2": 0.6407743246928376,
    "train_rmse": 1.1165202281567834,
    "train_r2": 0.6123272799742268,
    "accuracy": 0.8913690476190477,
    "specificity": 0.05194805194805195,
    "precision": 0.8907185628742516,
    "recall": 1.0,
    "f1": 0.9422011084718923,
    "mcc": 0.21510716904670052,
    "roc_auc": 0.8636909309178217,
    "pr_auc": 0.981781288048715,
    "scope": "Global"
  },
  "y_lgbm": {
    "model": "LightGBM",
    "test_rmse": 1.123052652047336,
    "test_r2": 0.5927129826566662,
    "train_rmse": 1.0693963998320437,
    "train_r2": 0.6443609139534086,
    "accuracy": 0.8854166666666666,
    "specificity": 0.025974025974025976,
    "precision": 0.8877245508982036,
    "recall": 0.9966386554621849,
    "f1": 0.939034045922407,
    "mcc": 0.09363488534974022,
    "roc_auc": 0.861093528320419,
    "pr_auc": 0.9815130548597283,
    "scope": "Global"
  },
  "y_chemprop": {
    "model": "Chemprop",
    "test_rmse": 1.2463808610068283,
    "test_r2": 0.49834877828509383,
    "train_rmse": 1.1814309816743191,
    "train_r2": 0.5659410043442572,
    "accuracy": 0.8616071428571429,
    "specificity": 0.4935064935064935,
    "precision": 0.9327586206896552,
    "recall": 0.9092436974789916,
    "f1": 0.9208510638297872,
    "mcc": 0.3731914540761959,
    "roc_auc": 0.8514023791334715,
    "pr_auc": 0.9791085948244249,
    "scope": "Global"
  },
  "y_tpsa": {
    "model": "Baseline",
    "test_rmse": 1.2453886038947464,
    "test_r2": 0.4991472001307572,
    "train_rmse": 1.2710468489149116,
    "train_r2": 0.49759359584250074,
    "accuracy": 0.8764880952380952,
    "specificity": 0.12987012987012986,
    "precision": 0.8962848297213623,
    "recall": 0.973109243697479,
    "f1": 0.9331184528605964,
    "mcc": 0.17007918187539958,
    "roc_auc": 0.9238895558223289,
    "pr_auc": 0.9901738692730166,
    "scope": "Global"
  },
  "y_pred_blend": {
    "model": "Blend",
    "test_rmse": 1.0782347142752629,
    "test_r2": 0.6245717480359434,
    "train_rmse": 1.0041467200626444,
    "train_r2": 0.6864358539944789,
    "accuracy": 0.8854166666666666,
    "specificity": 0.0,
    "precision": 0.8854166666666666,
    "recall": 1.0,
    "f1": 0.9392265193370166,
    "mcc": 0.0,
    "roc_auc": 0.8982647604496343,
    "pr_auc": 0.986773962139953,
    "scope": "Global"
  },
  "y_pred_stack": {
    "model": "Stack",
    "test_rmse": 1.0375172509445842,
    "test_r2": 0.6523910224273106,
    "train_rmse": 1.0034151641616926,
    "train_r2": 0.6868925723954008,
    "accuracy": 0.8735119047619048,
    "specificity": 0.03896103896103896,
    "precision": 0.8875379939209727,
    "recall": 0.9815126050420168,
    "f1": 0.9321628092577813,
    "mcc": 0.045658540853762905,
    "roc_auc": 0.901778893375532,
    "pr_auc": 0.9870715334973403,
    "scope": "Global"
  },
  "physio_range": {
    "y_xgb": {
      "model": "XGBoost",
      "test_rmse": 1.020196839664274,
      "test_r2": 0.6305966248854362,
      "train_rmse": 1.1165202281567834,
      "train_r2": 0.6123272799742268,
      "accuracy": 0.8909090909090909,
      "specificity": 0.0,
      "precision": 0.8909090909090909,
      "recall": 1.0,
      "f1": 0.9423076923076923,
      "mcc": 0.0,
      "roc_auc": 0.8112244897959183,
      "pr_auc": 0.9762129540525784,
      "scope": "Physio"
    },
    "y_lgbm": {
      "model": "LightGBM",
      "test_rmse": 1.0834780290579618,
      "test_r2": 0.5833483274641997,
      "train_rmse": 1.0693963998320437,
      "train_r2": 0.6443609139534086,
      "accuracy": 0.8909090909090909,
      "specificity": 0.0,
      "precision": 0.8909090909090909,
      "recall": 1.0,
      "f1": 0.9423076923076923,
      "mcc": 0.0,
      "roc_auc": 0.8061224489795917,
      "pr_auc": 0.975322069492905,
      "scope": "Physio"
    },
    "y_chemprop": {
      "model": "Chemprop",
      "test_rmse": 1.157569121324985,
      "test_r2": 0.5244165008183325,
      "train_rmse": 1.1814309816743191,
      "train_r2": 0.5659410043442572,
      "accuracy": 0.8545454545454545,
      "specificity": 0.4166666666666667,
      "precision": 0.9270833333333334,
      "recall": 0.9081632653061225,
      "f1": 0.9175257731958762,
      "mcc": 0.30385057860281584,
      "roc_auc": 0.832482993197279,
      "pr_auc": 0.9771751924088867,
      "scope": "Physio"
    },
    "y_tpsa": {
      "model": "Baseline",
      "test_rmse": 1.209952782950553,
      "test_r2": 0.4803992646733185,
      "train_rmse": 1.2710468489149116,
      "train_r2": 0.49759359584250074,
      "accuracy": 0.8636363636363636,
      "specificity": 0.08333333333333333,
      "precision": 0.8952380952380953,
      "recall": 0.9591836734693877,
      "f1": 0.9261083743842364,
      "mcc": 0.06363362902676771,
      "roc_auc": 0.8954081632653061,
      "pr_auc": 0.987018243852565,
      "scope": "Physio"
    },
    "y_pred_blend": {
      "model": "Blend",
      "test_rmse": 1.0380768824322035,
      "test_r2": 0.6175347778312454,
      "train_rmse": 1.0041467200626444,
      "train_r2": 0.6864358539944789,
      "accuracy": 0.8909090909090909,
      "specificity": 0.0,
      "precision": 0.8909090909090909,
      "recall": 1.0,
      "f1": 0.9423076923076923,
      "mcc": 0.0,
      "roc_auc": 0.854591836734694,
      "pr_auc": 0.9823296589472821,
      "scope": "Physio"
    },
    "y_pred_stack": {
      "model": "Stack",
      "test_rmse": 0.9812979519347557,
      "test_r2": 0.6582294035922829,
      "train_rmse": 1.0034151641616926,
      "train_r2": 0.6868925723954008,
      "accuracy": 0.8727272727272727,
      "specificity": 0.0,
      "precision": 0.8888888888888888,
      "recall": 0.9795918367346939,
      "f1": 0.9320388349514563,
      "mcc": -0.047619047619047616,
      "roc_auc": 0.8724489795918366,
      "pr_auc": 0.9841921980000267,
      "scope": "Physio"
    }
  }
}