{
  "rmse": 1.227820782136577,
  "r2": 0.5149185997231588,
  "n": 2380
}