{
  "y_xgb": {
    "rmse": 1.0547111064965782,
    "r2": 0.6407743246928376,
    "n": 672
  },
  "y_lgbm": {
    "rmse": 1.123052652047336,
    "r2": 0.5927129826566662,
    "n": 672
  },
  "y_chemprop": {
    "rmse": 1.2463808610068283,
    "r2": 0.49834877828509383,
    "n": 672
  },
  "y_tpsa": {
    "rmse": 1.2453886038947464,
    "r2": 0.4991472001307572,
    "n": 672
  },
  "y_pred_blend": {
    "rmse": 1.0782347142752629,
    "r2": 0.6245717480359434,
    "n": 672
  },
  "y_pred_stack": {
    "rmse": 1.0375172509445842,
    "r2": 0.6523910224273106,
    "n": 672
  },
  "physio_range": {
    "y_xgb": {
      "rmse": 1.020196839664274,
      "r2": 0.6305966248854362,
      "n": 110
    },
    "y_lgbm": {
      "rmse": 1.0834780290579618,
      "r2": 0.5833483274641997,
      "n": 110
    },
    "y_chemprop": {
      "rmse": 1.157569121324985,
      "r2": 0.5244165008183325,
      "n": 110
    },
    "y_tpsa": {
      "rmse": 1.209952782950553,
      "r2": 0.4803992646733185,
      "n": 110
    },
    "y_pred_blend": {
      "rmse": 1.0380768824322035,
      "r2": 0.6175347778312454,
      "n": 110
    },
    "y_pred_stack": {
      "rmse": 0.9812979519347557,
      "r2": 0.6582294035922829,
      "n": 110
    }
  }
}