{
  "rmse": 1.290594745291865,
  "r2": 0.470735977093531,
  "n": 2360
}