{
  "lgbm": 0.0,
  "xgb": 0.6868957355987182,
  "gnn": 0.12860879684936974,
  "tpsa": 0.18449546755191218
}