{
  "lgbm": 0.3113670499222607,
  "xgb": 0.22771125906114117,
  "gnn": 0.21690137082982713,
  "tpsa": 0.24402032018677094
}