{
  "base_models": {
    "lgbm": 1.0825225551409579,
    "xgb": 1.112610722886697,
    "gnn": 1.19680810002309,
    "tpsa": 1.27432769078037
  },
  "stacking": {
    "rmse": 1.0385739671230987,
    "r2": 0.6684817251466112,
    "alpha": 100.0
  },
  "blending": {
    "rmse": 1.032975522984447,
    "r2": 0.6720461976706574,
    "weights": {
      "lgbm": 0.39902144327015954,
      "xgb": 0.14808184136005786,
      "gnn": 0.2718129895944475,
      "tpsa": 0.18108372577533505
    }
  },
  "winner": "blend"
}