{
  "base_models": {
    "lgbm": 1.0994215596380716,
    "xgb": 1.1288973335113175,
    "gnn": 1.2055838362667577,
    "tpsa": 1.2373785500531902
  },
  "stacking": {
    "rmse": 1.0477358770189604,
    "r2": 0.6296545514101412,
    "alpha": 100.0
  },
  "blending": {
    "rmse": 1.043803627768668,
    "r2": 0.6324292159950757,
    "weights": {
      "lgbm": 0.304048537297713,
      "xgb": 0.195168053646962,
      "gnn": 0.2937340615491866,
      "tpsa": 0.20704934750613851
    }
  },
  "winner": "blend"
}