{
  "xgb": {
    "rmse": 1.1165202281567834,
    "r2": 0.6123272799742268
  },
  "lgbm": {
    "rmse": 1.0693963998320437,
    "r2": 0.6443609139534086
  }
}