{
  "y_xgb": {
    "rmse": 0.8771366290082763,
    "r2": 0.7479488819041826,
    "n": 647
  },
  "y_lgbm": {
    "rmse": 0.9277189752913348,
    "r2": 0.71804031759751,
    "n": 647
  },
  "y_chemprop": {
    "rmse": 1.1818777016087867,
    "r2": 0.5423860961381146,
    "n": 647
  },
  "y_tpsa": {
    "rmse": 1.101378998766294,
    "r2": 0.6026001347129737,
    "n": 647
  },
  "y_pred_blend": {
    "rmse": 0.8935874156011523,
    "r2": 0.7384057333006916,
    "n": 647
  },
  "y_pred_stack": {
    "rmse": 0.8940980947164381,
    "r2": 0.7381066491832474,
    "n": 647
  },
  "physio_range": {
    "y_xgb": {
      "rmse": 0.8931063020621333,
      "r2": 0.717743829531835,
      "n": 107
    },
    "y_lgbm": {
      "rmse": 0.9408134463431658,
      "r2": 0.6867838343056403,
      "n": 107
    },
    "y_chemprop": {
      "rmse": 1.1728282494146003,
      "r2": 0.513249985332666,
      "n": 107
    },
    "y_tpsa": {
      "rmse": 1.100408689990102,
      "r2": 0.5715055907609149,
      "n": 107
    },
    "y_pred_blend": {
      "rmse": 0.9075187238021271,
      "r2": 0.7085605589458404,
      "n": 107
    },
    "y_pred_stack": {
      "rmse": 0.9068118223697353,
      "r2": 0.7090144090204848,
      "n": 107
    }
  }
}