{
  "rmse": 1.1980031712723924,
  "r2": 0.5557748957411146,
  "n": 2384
}