{
  "xgb": {
    "rmse": 1.0840341575004964,
    "r2": 0.6261424211658708
  },
  "lgbm": {
    "rmse": 1.0650563589067081,
    "r2": 0.6391178224010801
  }
}