{
  "lr": 0.22978180984279187,
  "leaves": 75,
  "subsample": 0.7948925058975099,
  "colsample": 0.819182569202257,
  "alpha": 0.22213813843598723,
  "lambda": 0.0015087706037382716,
  "min_child": 89
}