{
  "lr": 0.0757824377151914,
  "leaves": 72,
  "subsample": 0.8930619662490272,
  "colsample": 0.8332012020375761,
  "alpha": 0.07643489718699936,
  "lambda": 0.0012901980429084335,
  "min_child": 54
}