{
  "lr": 0.08618360561124745,
  "leaves": 125,
  "subsample": 0.9217728427428193,
  "colsample": 0.9684887443884767,
  "alpha": 0.003904412635727165,
  "lambda": 0.007186747644213714,
  "min_child": 18
}