{
  "lr": 0.057904186235859245,
  "leaves": 104,
  "subsample": 0.6411924261529204,
  "colsample": 0.8457939600094039,
  "alpha": 0.03525101511980082,
  "lambda": 0.07665916221350404,
  "min_child": 98
}