{
  "lr": 0.059177551078332495,
  "leaves": 24,
  "subsample": 0.7192575547304845,
  "colsample": 0.7638304907074162,
  "alpha": 0.003401570307618733,
  "lambda": 0.0028242398561641987,
  "min_child": 43
}