{
  "lr": 0.06385023047978215,
  "depth": 3,
  "subsample": 0.6948234181372148,
  "colsample": 0.817484769510973,
  "alpha": 0.10053671144426397,
  "lambda": 2.6072772413060963,
  "min_child": 8
}