{
  "lr": 0.15869449137125735,
  "depth": 4,
  "subsample": 0.7296997543252797,
  "colsample": 0.6145183681498566,
  "alpha": 0.39045082913753704,
  "lambda": 0.26615787293777926,
  "min_child": 1
}