{
  "lr": 0.12724365111531108,
  "depth": 4,
  "subsample": 0.9368722647168071,
  "colsample": 0.9992280185632932,
  "alpha": 0.07792866787881676,
  "lambda": 0.019701229955918796,
  "min_child": 19
}