{
  "lr": 0.10346971701981797,
  "depth": 3,
  "subsample": 0.8695706223389528,
  "colsample": 0.9864469249611808,
  "alpha": 4.522365709332334,
  "lambda": 0.08724489401232412,
  "min_child": 11
}