{
  "lr": 0.09063303883837794,
  "depth": 6,
  "subsample": 0.6282144162513053,
  "colsample": 0.8041600003691886,
  "alpha": 0.026944241625432613,
  "lambda": 0.004230596184300453,
  "min_child": 13
}