{
  "cohorts": {
    "base_all": 135,
    "chemprop": 135,
    "inner": 135,
    "union": 135
  },
  "base_all": {
    "y_xgb": {
      "rmse": 1.2775468241741312,
      "r2": 0.49468842920651157,
      "n": 135
    },
    "y_lgbm": {
      "rmse": 1.3078241178264396,
      "r2": 0.47045329071443764,
      "n": 135
    },
    "y_chemprop": {
      "rmse": 11.211246446199857,
      "r2": -37.91467325683386,
      "n": 135
    }
  },
  "chemprop": {
    "y_xgb": {
      "rmse": 1.2775468241741312,
      "r2": 0.49468842920651157,
      "n": 135
    },
    "y_lgbm": {
      "rmse": 1.3078241178264396,
      "r2": 0.47045329071443764,
      "n": 135
    },
    "y_chemprop": {
      "rmse": 11.211246446199857,
      "r2": -37.91467325683386,
      "n": 135
    }
  },
  "inner": {
    "y_xgb": {
      "rmse": 1.2775468241741312,
      "r2": 0.49468842920651157,
      "n": 135
    },
    "y_lgbm": {
      "rmse": 1.3078241178264396,
      "r2": 0.47045329071443764,
      "n": 135
    },
    "y_chemprop": {
      "rmse": 11.211246446199857,
      "r2": -37.91467325683386,
      "n": 135
    }
  },
  "union": {
    "y_xgb": {
      "rmse": 1.2775468241741312,
      "r2": 0.49468842920651157,
      "n": 135
    },
    "y_lgbm": {
      "rmse": 1.3078241178264396,
      "r2": 0.47045329071443764,
      "n": 135
    },
    "y_chemprop": {
      "rmse": 11.211246446199857,
      "r2": -37.91467325683386,
      "n": 135
    },
    "blend": {
      "rmse": 4.53752099717979,
      "r2": -5.374452437716379,
      "n": 135
    },
    "stack": {
      "rmse": 4.53752099717979,
      "r2": -5.374452437716379,
      "n": 135
    },
    "stack_model": {
      "rmse": 3.540642277676251,
      "r2": -2.8812327849002584,
      "n": 135
    }
  }
}