{
  "rmse": 1.2705318204499023,
  "r2": 0.486439813165502,
  "n": 2402
}