{
  "base_models": {
    "lgbm": 1.0975473638358673,
    "xgb": 1.13273903132541,
    "gnn": 1.237534444666644,
    "tpsa": 1.2763054125097097
  },
  "stacking": {
    "rmse": 1.0520535194905787,
    "r2": 0.6462691515205649,
    "alpha": 100.0
  },
  "blending": {
    "rmse": 1.051264605527986,
    "r2": 0.6467994640345761,
    "weights": {
      "lgbm": 0.23629893078879224,
      "xgb": 0.2704235640420974,
      "gnn": 0.23800171381303403,
      "tpsa": 0.2552757913560764
    }
  },
  "winner": "blend"
}