{
  "base_models": {
    "lgbm": 1.1287292763326164,
    "xgb": 1.134197236598247,
    "gnn": 1.2304518031989922,
    "tpsa": 1.2940157062430764
  },
  "stacking": {
    "rmse": 1.0799966482329413,
    "r2": 0.634621165220697,
    "alpha": 100.0
  },
  "blending": {
    "rmse": 1.0634560702982585,
    "r2": 0.6457273056138293,
    "weights": {
      "lgbm": 0.21686735157655765,
      "xgb": 0.3116909596072386,
      "gnn": 0.29361133347238555,
      "tpsa": 0.17783035534381825
    }
  },
  "winner": "blend"
}