{
  "lgbm": 0.0,
  "xgb": 0.5598305355318924,
  "gnn": 0.34782958141048764,
  "tpsa": 0.09233988305761993
}