{
  "rmse": 1.4081418497878135,
  "r2": 0.39518518322183194
}