{
  "base_models": {
    "lgbm": 1.156713281198141,
    "xgb": 1.1320060959340879,
    "gnn": 1.318658772164339,
    "tpsa": 1.2113484298532606
  },
  "stacking": {
    "rmse": 1.0675990574148795,
    "r2": 0.6263372380956307,
    "alpha": 100.0
  },
  "blending": {
    "rmse": 1.0687250696489556,
    "r2": 0.6255486073388749,
    "weights": {
      "lgbm": 0.12766527561237354,
      "xgb": 0.36365966060420624,
      "gnn": 0.20649208796295948,
      "tpsa": 0.3021829758204607
    }
  },
  "winner": "stack"
}