{
  "base_models": {
    "lgbm": 1.0275890678894144,
    "xgb": 1.083877976530464,
    "gnn": 1.227820782136577,
    "tpsa": 1.2047333681946437
  },
  "stacking": {
    "rmse": 0.9921765829205909,
    "r2": 0.6832456352265567,
    "alpha": 10.0
  },
  "blending": {
    "rmse": 0.9954751474799846,
    "r2": 0.681135987498698,
    "weights": {
      "lgbm": 0.44068052522664847,
      "xgb": 0.167534114145536,
      "gnn": 0.16907310368374637,
      "tpsa": 0.2227122569440693
    }
  },
  "winner": "stack"
}