{
  "base_models": {
    "lgbm": 1.1308512112398093,
    "xgb": 1.1876378348964716,
    "gnn": 1.2046046507154504,
    "tpsa": 1.289271044540733
  },
  "stacking": {
    "rmse": 1.0859601233848355,
    "r2": 0.6201558930445945,
    "alpha": 100.0
  },
  "blending": {
    "rmse": 1.0864564146534514,
    "r2": 0.6198086309571582,
    "weights": {
      "lgbm": 0.2821080324024332,
      "xgb": 0.17246106312751558,
      "gnn": 0.32835201528434593,
      "tpsa": 0.21707888918570514
    }
  },
  "winner": "stack"
}