{
  "base_models": {
    "lgbm": 1.0853318405321573,
    "xgb": 1.048822710723907,
    "gnn": 1.186190488857619,
    "tpsa": 1.2679892122997418
  },
  "stacking": {
    "rmse": 1.015313387120733,
    "r2": 0.6736943425418418,
    "alpha": 10.0
  },
  "blending": {
    "rmse": 1.0108216914274017,
    "r2": 0.6765750761535869,
    "weights": {
      "lgbm": 0.10361829424528839,
      "xgb": 0.4907238152440848,
      "gnn": 0.264095225423277,
      "tpsa": 0.14156266508734985
    }
  },
  "winner": "blend"
}