{
  "max_depth": 8,
  "min_child_weight": 12,
  "subsample": 0.7600375136772458,
  "colsample_bytree": 0.7591967050093971,
  "reg_lambda": 1.3042381056305485e-06,
  "reg_alpha": 0.00014808024442768825,
  "learning_rate": 0.011867006975266261
}