{
  "xgb": {
    "rmse": 1.13273903132541,
    "r2": 0.5899309429363664
  },
  "lgbm": {
    "rmse": 1.0975473638358673,
    "r2": 0.615014998226954
  }
}