{
  "rmse": 1.231036793053949,
  "r2": 0.48224648335029285
}