{
  "XGBoost": {
    "rmse": 0.9503272769211218,
    "r2": 0.6802584100825386,
    "n": 730
  },
  "LightGBM": {
    "rmse": 0.9923955257950391,
    "r2": 0.6513237747856487,
    "n": 730
  },
  "Baseline (TPSA)": {
    "rmse": 1.2491282736396034,
    "r2": 0.44758327650432617,
    "n": 730
  },
  "Ensemble (Stack)": {
    "rmse": 1.0544559973628203,
    "r2": 0.6063505373048916,
    "n": 730
  },
  "Ensemble (Blend)": {
    "rmse": 0.94216658498417,
    "r2": 0.6857262300139791,
    "n": 730
  }
}