{
  "XGBoost": {
    "rmse": 0.9353042624808269,
    "r2": 0.6728609359056246,
    "n": 134
  },
  "LightGBM": {
    "rmse": 0.9644136257110882,
    "r2": 0.6521810376733618,
    "n": 134
  },
  "Baseline (TPSA)": {
    "rmse": 1.2147876370219626,
    "r2": 0.4481420458517231,
    "n": 134
  },
  "Ensemble (Stack)": {
    "rmse": 1.0503729890652913,
    "r2": 0.5874147764745212,
    "n": 134
  },
  "Ensemble (Blend)": {
    "rmse": 0.9169069034546434,
    "r2": 0.6856039616783675,
    "n": 134
  }
}