{
  "lr": 0.07029205857030477,
  "leaves": 90,
  "subsample": 0.8135970993413201,
  "colsample": 0.9602442778759696,
  "alpha": 0.0017263636249223164,
  "lambda": 0.024522210209568945,
  "min_child": 29
}