{
  "lr": 0.0629521199421509,
  "leaves": 68,
  "subsample": 0.6041623170913415,
  "colsample": 0.8504114864478011,
  "alpha": 0.003773565733015335,
  "lambda": 0.061378745380203194,
  "min_child": 82
}