{
  "lr": 0.05332642126695344,
  "leaves": 29,
  "subsample": 0.8778734239270961,
  "colsample": 0.9647297980554873,
  "alpha": 0.0029530880282996556,
  "lambda": 0.010940624957959095,
  "min_child": 82
}