{
  "lr": 0.12777426691570978,
  "leaves": 109,
  "subsample": 0.9850589217145957,
  "colsample": 0.720764687148965,
  "alpha": 0.19590901730165908,
  "lambda": 0.0023773229849980365,
  "min_child": 92
}