{
  "lr": 0.10647084480946874,
  "leaves": 49,
  "subsample": 0.7327059498259396,
  "colsample": 0.7074727251414802,
  "alpha": 0.2756474823127578,
  "lambda": 0.0034707725167763903,
  "min_child": 52
}