{
  "lr": 0.06734750092726947,
  "depth": 4,
  "subsample": 0.9961016883311901,
  "colsample": 0.6341986498448066,
  "alpha": 0.028713244549214197,
  "lambda": 6.904700195699146,
  "min_child": 8
}