{
  "lr": 0.12228435841850578,
  "depth": 3,
  "subsample": 0.7342200531535718,
  "colsample": 0.828968675883291,
  "alpha": 0.24103212876611546,
  "lambda": 8.678193547947853,
  "min_child": 11
}