{
  "lr": 0.050720596164802255,
  "depth": 7,
  "subsample": 0.9698147157723958,
  "colsample": 0.6583716964523908,
  "alpha": 0.1452919362292347,
  "lambda": 0.1815145269723007,
  "min_child": 18
}