{
  "lr": 0.1259579176411661,
  "depth": 9,
  "subsample": 0.6233909687859019,
  "colsample": 0.9651589128686286,
  "alpha": 0.0012313892939775685,
  "lambda": 0.04475679356429486,
  "min_child": 11
}