{
  "lr": 0.06550221919348408,
  "depth": 4,
  "subsample": 0.6451283980371366,
  "colsample": 0.9791340462942205,
  "alpha": 0.15165736087828308,
  "lambda": 1.3841196768693673,
  "min_child": 11
}