{
  "base_models": {
    "lgbm": 1.0700937811366247,
    "xgb": 1.0900683041990074,
    "gnn": 1.387466167708842,
    "tpsa": 1.1710354505950291
  },
  "stacking": {
    "rmse": 1.0103790067881318,
    "r2": 0.6579494570444709,
    "alpha": 100.0
  },
  "blending": {
    "rmse": 1.0126177761003043,
    "r2": 0.656431965802236,
    "weights": {
      "lgbm": 0.265561988244864,
      "xgb": 0.35986685670437324,
      "gnn": 0.03543168440074355,
      "tpsa": 0.3391394706500192
    }
  },
  "winner": "stack"
}