{
  "base_models": {
    "lgbm": 1.0650563589067081,
    "xgb": 1.0840341575004964,
    "gnn": 1.2705318204499023,
    "tpsa": 1.2647657384588065
  },
  "stacking": {
    "rmse": 1.0382396616545768,
    "r2": 0.6570620985682061,
    "alpha": 100.0
  },
  "blending": {
    "rmse": 1.0329864654320984,
    "r2": 0.6605236548275144,
    "weights": {
      "lgbm": 0.38852771683813964,
      "xgb": 0.30947350151572595,
      "gnn": 0.11018624147589268,
      "tpsa": 0.1918125401702418
    }
  },
  "winner": "blend"
}