{
  "base_models": {
    "lgbm": 1.177815834594642,
    "xgb": 1.1962521879637282,
    "gnn": 1.3090326196549111,
    "tpsa": 1.4081418497878135
  },
  "stacking": {
    "rmse": 1.1267258219039467,
    "r2": 0.6127725777188567,
    "alpha": 100.0
  },
  "blending": {
    "rmse": 1.120809083934728,
    "r2": 0.6168287686715523,
    "weights": {
      "lgbm": 0.33487641712699867,
      "xgb": 0.28687775217289835,
      "gnn": 0.2512897166286993,
      "tpsa": 0.12695611407140361
    }
  },
  "winner": "blend"
}