{
  "lr": 0.12779293220431712,
  "leaves": 81,
  "subsample": 0.9784142179731998,
  "colsample": 0.8837589847666047,
  "alpha": 0.24402145935773256,
  "lambda": 0.014034143648393492,
  "min_child": 60
}