{
  "lr": 0.07044334213061976,
  "leaves": 82,
  "subsample": 0.7119034373787676,
  "colsample": 0.8707345861664317,
  "alpha": 0.2258636205032893,
  "lambda": 0.07067817934385523,
  "min_child": 99
}