{
  "lr": 0.05972821011711693,
  "leaves": 99,
  "subsample": 0.7100894018058412,
  "colsample": 0.6166938406942986,
  "alpha": 0.008626972394850618,
  "lambda": 2.4927550119763757,
  "min_child": 68
}