{
  "lr": 0.051472268716105544,
  "leaves": 68,
  "subsample": 0.9447135170546912,
  "colsample": 0.9101654230709253,
  "alpha": 0.04340390216665666,
  "lambda": 0.003704242004342655,
  "min_child": 37
}