{
  "lr": 0.07205552956173732,
  "leaves": 37,
  "subsample": 0.8909444384314714,
  "colsample": 0.7555666334125182,
  "alpha": 0.0031941377464777166,
  "lambda": 1.472714676663519,
  "min_child": 89
}