{
  "lr": 0.16309359169561805,
  "depth": 3,
  "subsample": 0.7152836888084334,
  "colsample": 0.937458270719702,
  "alpha": 4.795834658608537,
  "lambda": 0.016531111975103773,
  "min_child": 20
}