{
  "lr": 0.07909901579971478,
  "depth": 5,
  "subsample": 0.9430969712625675,
  "colsample": 0.9009235906257068,
  "alpha": 0.532739828817279,
  "lambda": 7.335679876084879,
  "min_child": 15
}