{
  "lr": 0.13590672846448063,
  "depth": 3,
  "subsample": 0.6296125097747101,
  "colsample": 0.953473281053032,
  "alpha": 0.7031483585823953,
  "lambda": 0.04228449429096157,
  "min_child": 12
}