{
  "lr": 0.22309236873699295,
  "depth": 4,
  "subsample": 0.7170041302143452,
  "colsample": 0.733438368466207,
  "alpha": 0.5587462963407926,
  "lambda": 0.0013660807874886658,
  "min_child": 2
}