{
  "lr": 0.05836028025550258,
  "depth": 5,
  "subsample": 0.6625338754003368,
  "colsample": 0.6415405765480917,
  "alpha": 0.08067585390112746,
  "lambda": 0.004146921930377973,
  "min_child": 6
}