{
  "model_type": "Ridge_Physics_Based",
  "intercept": 7.887525510776591,
  "coefs": {
    "inv_temp": -2.410753225397992,
    "rdkit__logP": -0.5695582238013086,
    "rdkit__TPSA": -0.009274420228768798,
    "rdkit__MW": -0.0023263580172792754
  },
  "features": [
    "inv_temp",
    "rdkit__logP",
    "rdkit__TPSA",
    "rdkit__MW"
  ],
  "alpha": 1.0,
  "training_samples": 2578
}