{
  "xgb": {
    "rmse": 1.048822710723907,
    "r2": 0.6518001784304861
  },
  "lgbm": {
    "rmse": 1.0853318405321573,
    "r2": 0.6271368476687242
  }
}