{
  "rmse": 1.2710468489149116,
  "r2": 0.49759359584250074
}