{
  "rmse": 1.168638642015987,
  "r2": 0.5753791842150843,
  "n": 2378
}