{
  "xgb": {
    "rmse": 1.1313681782384042,
    "r2": 0.5932753379254204
  },
  "lgbm": {
    "rmse": 1.0754031299338904,
    "r2": 0.6325187535651193
  }
}